Cell	CellType
601506507	Vip Gpc3 Slc18a3
601803754	Sst Calb2 Pdlim5
601808698	Sst Hpse Cbln4
601810307	Sst Calb2 Necab1
601811091	Sst Esm1
602231708	Sst Calb2 Pdlim5
604626221	Vip Gpc3 Slc18a3
604646725	Vip Pygm C1ql1
605160536	Vip Crispld2 Kcne4
606098116	Pvalb Tpbg
606271263	Pvalb Vipr2
606308411	Pvalb Vipr2
611497391	Vip Rspo4 Rxfp1 Chat
612271508	Vip Rspo4 Rxfp1 Chat
612893105	Vip Rspo4 Rxfp1 Chat
613432876	Vip Rspo4 Rxfp1 Chat
614728680	Pvalb Reln Itm2a
623326953	Sst Calb2 Pdlim5
623415197	Pvalb Tpbg
623813235	Sst Hpse Sema3c
623891125	Sst Calb2 Pdlim5
623945953	Sst Calb2 Pdlim5
623989470	Sst Rxfp1 Prdm8
626069976	Sst Calb2 Pdlim5
626082009	Sst Rxfp1 Prdm8
626103966	Sst Calb2 Pdlim5
627881581	Sst Hpse Cbln4
627883518	Sst Hpse Sema3c
636854912	Sst Hpse Cbln4
636856236	Sst Hpse Cbln4
636946168	Sst Rxfp1 Prdm8
637321656	Vip Lmo1 Myl1
637327988	Vip Crispld2 Kcne4
637362685	Sst Calb2 Pdlim5
637381329	Lamp5 Lsp1
637824948	Vip Chat Htr1f
637846989	Lamp5 Lsp1
637853303	Vip Crispld2 Kcne4
637866154	Lamp5 Lsp1
637879731	Vip Lect1 Oxtr
637886938	Vip Igfbp6 Car10
637919747	Pvalb Reln Itm2a
638205354	Lamp5 Lsp1
638212024	Lamp5 Ntn1 Npy2r
638225388	Lamp5 Lsp1
638356259	Pvalb Reln Itm2a
638775149	Vip Crispld2 Kcne4
639002031	Vip Igfbp4 Mab21l1
639004612	Vip Igfbp4 Mab21l1
639013022	Vip Rspo1 Itga4
639016154	Vip Lmo1 Myl1
639018115	Vip Lmo1 Myl1
639018814	Lamp5 Lsp1
639210975	Vip Igfbp4 Mab21l1
639216491	Vip Chat Htr1f
639216521	Lamp5 Lsp1
639226535	Vip Crispld2 Kcne4
639380048	Vip Pygm C1ql1
639389307	Vip Crispld2 Htr2c
639390023	Vip Ptprt Pkp2
639395418	Vip Ptprt Pkp2
639674270	Vip Lmo1 Fam159b
639689999	Lamp5 Lsp1
639701690	Pvalb Gpr149 Islr
639708328	Sst Esm1
639796648	Lamp5 Lsp1
639797308	Pvalb Tpbg
639824809	Vip Ptprt Pkp2
639841063	Sst Hpse Cbln4
639862877	Sst Hpse Cbln4
639881631	Sst Myh8 Etv1 
639881942	Pvalb Tpbg
639962984	Sst Tac1 Htr1d
639965232	Pvalb Reln Itm2a
639979263	Sst Hpse Cbln4
640006232	Pvalb Tpbg
640061596	Sst Chodl
640106803	Lamp5 Lsp1
640109830	Vip Ptprt Pkp2
640263789	Vip Pygm C1ql1
640280740	Vip Lect1 Oxtr
640311818	Lamp5 Lsp1
640317055	Sst Nr2f2 Necab1
642110310	Lamp5 Lsp1
642124659	Lamp5 Lsp1
642166983	Sst Calb2 Pdlim5
642258974	Sst Rxfp1 Prdm8
642478957	Sst Hpse Cbln4
642494910	Vip Ptprt Pkp2
642532676	Lamp5 Lsp1
642557052	Vip Pygm C1ql1
642568816	Vip Ptprt Pkp2
642569032	Vip Lmo1 Myl1
642791355	Vip Lmo1 Myl1
642817252	Vip Lect1 Oxtr
642827810	Lamp5 Lsp1
642842839	Lamp5 Plch2 Dock5
643004718	Vip Crispld2 Kcne4
643251590	Lamp5 Lsp1
643479119	Sst Hpse Cbln4
643479544	Sst Hpse Cbln4
643501610	Lamp5 Lsp1
643536919	Sncg Vip Nptx2
643646067	Sst Tac2 Tacstd2
643648707	Sst Hpse Sema3c
643649645	Sst Hpse Cbln4
643697447	Sst Tac2 Tacstd2
643722391	Sst Chodl
643727497	Sst Chodl
643727534	Sst Chodl
643754730	Sst Chodl
643785167	Sst Chodl
643915906	Sst Rxfp1 Prdm8
644134947	Sst Hpse Cbln4
644197464	Sst Chodl
644256576	Sst Nr2f2 Necab1
644571405	Pvalb Th Sst
644584749	Vip Ptprt Pkp2
644594173	Sst Myh8 Fibin
644917900	Lamp5 Plch2 Dock5
644919379	Lamp5 Plch2 Dock5
644920227	Vip Lect1 Oxtr
644933725	Sst Calb2 Pdlim5
644935037	Sst Chodl
644936843	Lamp5 Lsp1
644941196	Lamp5 Fam19a1 Tmem182
644943639	Vip Crispld2 Kcne4
644946047	Lamp5 Plch2 Dock5
644946408	Lamp5 Lsp1
644957513	Lamp5 Lsp1
644994103	Lamp5 Lsp1
645000287	Lamp5 Lsp1
645009607	Lamp5 Lsp1
645016286	Lamp5 Lsp1
645023727	Lamp5 Lsp1
645061418	Vip Ptprt Pkp2
645075128	Lamp5 Plch2 Dock5
645155357	Vip Lmo1 Myl1
645158069	Lamp5 Lsp1
645169930	Lamp5 Plch2 Dock5
645320752	Pvalb Sema3e Kank4
645322005	Sst Mme Fam114a1
645355846	Pvalb Akr1c18 Ntf3
645375521	Pvalb Gabrg1
645378578	Vip Lmo1 Myl1
645436635	Pvalb Reln Tac1
645436667	Sst Myh8 Etv1 
645441139	Pvalb Sema3e Kank4
646558588	Pvalb Reln Itm2a
646786083	Pvalb Tpbg
646805498	Pvalb Reln Itm2a
646852171	Pvalb Reln Itm2a
646873528	Pvalb Reln Itm2a
646995247	Sst Chodl
647041020	Sst Chodl
647059450	Sst Rxfp1 Prdm8
647101973	Pvalb Reln Itm2a
647102202	Pvalb Akr1c18 Ntf3
647102882	Pvalb Sema3e Kank4
647103464	Pvalb Sema3e Kank4
647103728	Sst Esm1
647105759	Sst Rxfp1 Eya1
647508656	Sst Calb2 Pdlim5
647811305	Sst Calb2 Pdlim5
647842659	Sst Hpse Cbln4
648002271	Vip Lmo1 Myl1
648004256	Vip Ptprt Pkp2
648030172	Vip Pygm C1ql1
648038863	Vip Arhgap36 Hmcn1
648080486	Vip Chat Htr1f
648083571	Vip Pygm C1ql1
648085661	Vip Ptprt Pkp2
648121494	Vip Ptprt Pkp2
648137894	Vip Ptprt Pkp2
648139266	Vip Ptprt Pkp2
648256721	Vip Arhgap36 Hmcn1
648263389	Vip Lect1 Oxtr
648272017	Vip Arhgap36 Hmcn1
648279576	Vip Chat Htr1f
648320076	Vip Ptprt Pkp2
648330727	Vip Crispld2 Kcne4
648527193	Pvalb Tpbg
648544600	Sst Rxfp1 Prdm8
648564602	Pvalb Reln Itm2a
648582997	Lamp5 Ntn1 Npy2r
648585371	Lamp5 Plch2 Dock5
648593656	Lamp5 Plch2 Dock5
648594299	Lamp5 Ntn1 Npy2r
648600158	Pvalb Reln Itm2a
648607165	Lamp5 Ntn1 Npy2r
648609504	Sst Tac2 Tacstd2
648852680	Vip Crispld2 Kcne4
648881660	Pvalb Sema3e Kank4
649008116	Lamp5 Plch2 Dock5
649272757	Sst Calb2 Pdlim5
649382312	Lamp5 Plch2 Dock5
649387261	Sst Nr2f2 Necab1
649387936	Sst Calb2 Pdlim5
649666842	Vip Arhgap36 Hmcn1
650129743	Pvalb Tpbg
650131308	Lamp5 Plch2 Dock5
650132917	Lamp5 Ntn1 Npy2r
650146312	Pvalb Tpbg
650156059	Lamp5 Lsp1
650161028	Lamp5 Ntn1 Npy2r
650172921	Lamp5 Ntn1 Npy2r
650176200	Pvalb Tpbg
650487944	Sst Rxfp1 Prdm8
651151937	Lamp5 Plch2 Dock5
651161691	Lamp5 Ntn1 Npy2r
651734562	Pvalb Reln Itm2a
651763842	Sst Calb2 Pdlim5
651969572	Sst Myh8 Etv1 
651985184	Sst Rxfp1 Prdm8
652286698	Pvalb Vipr2
652299236	Pvalb Tpbg
652300499	Lamp5 Lsp1
652303366	Lamp5 Lsp1
652304219	Pvalb Reln Itm2a
652305423	Lamp5 Lsp1
652313391	Pvalb Reln Itm2a
652516963	Sncg Gpr50
652533530	Sst Esm1
652764831	Sst Esm1
652809932	Pvalb Vipr2
652810157	Lamp5 Plch2 Dock5
652812484	Lamp5 Plch2 Dock5
652920631	Sncg Vip Itih5
652938130	Lamp5 Lsp1
652953931	Lamp5 Plch2 Dock5
652956871	Sst Hpse Cbln4
652959162	Pvalb Sema3e Kank4
652959904	Lamp5 Fam19a1 Tmem182
653024237	Lamp5 Lsp1
653024481	Lamp5 Lsp1
653195941	Sst Hpse Sema3c
653199987	Lamp5 Plch2 Dock5
653232374	Sst Rxfp1 Prdm8
653289801	Pvalb Reln Tac1
653326186	Pvalb Sema3e Kank4
653326966	Sst Mme Fam114a1
653327067	Sst Rxfp1 Prdm8
653327513	Pvalb Sema3e Kank4
653327546	Sst Rxfp1 Eya1
653677436	Lamp5 Lsp1
653699672	Sst Hpse Cbln4
653744562	Pvalb Sema3e Kank4
653795917	Vip Crispld2 Htr2c
653832102	Vip Gpc3 Slc18a3
654294107	Pvalb Tpbg
654356514	Lamp5 Lsp1
654407470	Lamp5 Lsp1
654669793	Vip Ptprt Pkp2
654689557	Lamp5 Lsp1
654704107	Vip Ptprt Pkp2
655120196	Vip Ptprt Pkp2
656147268	Sst Hpse Sema3c
656149874	Vip Rspo4 Rxfp1 Chat
656151146	Vip Rspo4 Rxfp1 Chat
656156755	Sst Hpse Cbln4
656426563	Sst Hpse Cbln4
656427633	Sst Hpse Sema3c
656449594	Sst Calb2 Pdlim5
656705176	Sst Chodl
656705665	Sst Chodl
656706125	Pvalb Tpbg
656718798	Pvalb Vipr2
656718838	Pvalb Th Sst
656721986	Vip Ptprt Pkp2
656839029	Vip Ptprt Pkp2
656841831	Vip Rspo4 Rxfp1 Chat
656857860	Pvalb Vipr2
656859689	Vip Chat Htr1f
656860694	Vip Ptprt Pkp2
656863406	Vip Crispld2 Kcne4
656880843	Vip Lmo1 Fam159b
656896838	Sst Hpse Sema3c
656900237	Pvalb Reln Itm2a
656901504	Vip Gpc3 Slc18a3
656901554	Sst Hpse Sema3c
656912028	Lamp5 Plch2 Dock5
656971837	Vip Ptprt Pkp2
656977580	Vip Arhgap36 Hmcn1
656990595	Vip Chat Htr1f
656993846	Vip Rspo4 Rxfp1 Chat
657039903	Vip Ptprt Pkp2
657042607	Vip Ptprt Pkp2
657048690	Vip Ptprt Pkp2
657052370	Vip Rspo4 Rxfp1 Chat
657054571	Vip Rspo4 Rxfp1 Chat
657179762	Vip Rspo4 Rxfp1 Chat
657184390	Vip Rspo4 Rxfp1 Chat
657185314	Lamp5 Lsp1
657194483	Lamp5 Lsp1
657366321	Sst Tac2 Tacstd2
657382503	Vip Arhgap36 Hmcn1
657442490	Sst Hpse Sema3c
657454163	Sst Hpse Cbln4
657585527	Lamp5 Ntn1 Npy2r
657660421	Sst Hpse Cbln4
657661669	Sst Crhr2 Efemp1
657661984	Sst Hpse Cbln4
657673212	Sst Calb2 Pdlim5
657675788	Sst Rxfp1 Prdm8
657725630	Vip Ptprt Pkp2
657727121	Vip Rspo4 Rxfp1 Chat
657857340	Sst Calb2 Necab1
657857431	Sst Hpse Cbln4
657858349	Sst Myh8 Etv1 
657858379	Sst Myh8 Etv1 
657859611	Pvalb Gabrg1
657860437	Pvalb Gabrg1
657926526	Pvalb Sema3e Kank4
657926790	Pvalb Sema3e Kank4
657945461	Lamp5 Lsp1
657966095	Pvalb Akr1c18 Ntf3
657984445	Sst Calb2 Necab1
657984709	Pvalb Th Sst
657985196	Sst Rxfp1 Eya1
657986352	Sst Calb2 Pdlim5
657999088	Sst Calb2 Pdlim5
658012080	Sst Crhr2 Efemp1
658061248	Lamp5 Plch2 Dock5
658068133	Lamp5 Ntn1 Npy2r
658075752	Lamp5 Fam19a1 Tmem182
658089840	Lamp5 Ntn1 Npy2r
658097786	Lamp5 Plch2 Dock5
658103346	Lamp5 Lsp1
658124114	Lamp5 Lsp1
658139862	Vip Rspo4 Rxfp1 Chat
658279826	Pvalb Tpbg
658411218	Lamp5 Lsp1
658418858	Pvalb Sema3e Kank4
658424080	Lamp5 Plch2 Dock5
658435131	Lamp5 Lsp1
658441785	Lamp5 Lsp1
658447323	Vip Rspo1 Itga4
658448573	Vip Pygm C1ql1
658448683	Vip Rspo4 Rxfp1 Chat
658470462	Sst Rxfp1 Prdm8
658477694	Lamp5 Lsp1
658604834	Lamp5 Lsp1
658616147	Pvalb Tpbg
659012847	Pvalb Calb1 Sst
659056830	Vip Lect1 Oxtr
659112983	Serpinf1 Aqp5 Vip
659134440	Vip Lmo1 Myl1
659141131	Vip Igfbp4 Mab21l1
659147142	Lamp5 Plch2 Dock5
659280391	Sst Chodl
659405820	Sst Crhr2 Efemp1
659405868	Sst Chodl
659413418	Sst Hpse Cbln4
659430821	Sst Hpse Cbln4
659436153	Vip Ptprt Pkp2
659485385	Sst Chodl
659550641	Sst Esm1
659697295	Lamp5 Lsp1
659700506	Lamp5 Plch2 Dock5
659888858	Sst Hpse Cbln4
659934473	Sst Esm1
659960546	Sst Rxfp1 Prdm8
660050258	Sst Chrna2 Ptgdr
660430219	Vip Ptprt Pkp2
660454584	Vip Ptprt Pkp2
660704050	Sst Hpse Sema3c
660722612	Sst Hpse Cbln4
660722845	Sst Chodl
660840807	Sst Chrna2 Glra3
660898270	Vip Rspo4 Rxfp1 Chat
661151042	Sst Myh8 Etv1 
661189529	Sst Tac2 Tacstd2
661222942	Sst Rxfp1 Eya1
661290272	Vip Crispld2 Kcne4
661293762	Vip Crispld2 Kcne4
661293861	Vip Ptprt Pkp2
661296298	Vip Ptprt Pkp2
661296728	Vip Rspo4 Rxfp1 Chat
661318431	Sst Crh 4930553C11Rik 
661354351	Sst Tac2 Tacstd2
661390131	Sst Rxfp1 Eya1
661391859	Vip Ptprt Pkp2
661401628	Lamp5 Lsp1
661407806	Vip Ptprt Pkp2
661408488	Sst Calb2 Pdlim5
661409627	Vip Ptprt Pkp2
661411305	Vip Ptprt Pkp2
661422439	Vip Ptprt Pkp2
661423720	Vip Ptprt Pkp2
661482333	Sst Calb2 Pdlim5
661495648	Sst Hpse Cbln4
661500944	Sst Hpse Cbln4
661514378	Vip Rspo4 Rxfp1 Chat
661542876	Vip Ptprt Pkp2
663193112	Pvalb Gpr149 Islr
665104716	Sst Calb2 Pdlim5
665276770	Sst Rxfp1 Prdm8
665286365	Vip Crispld2 Kcne4
665468858	Sst Rxfp1 Eya1
665478543	Sst Calb2 Pdlim5
665502576	Sst Rxfp1 Eya1
665602299	Sst Hpse Cbln4
666141992	Pvalb Tpbg
666218416	Pvalb Tpbg
666219578	Pvalb Reln Itm2a
667163821	Sst Esm1
667457951	Sst Calb2 Pdlim5
667473755	Pvalb Tpbg
667473785	Sst Mme Fam114a1
667478348	Lamp5 Plch2 Dock5
667490926	Lamp5 Plch2 Dock5
667492234	Lamp5 Lsp1
667492978	Lamp5 Ntn1 Npy2r
667493822	Lamp5 Plch2 Dock5
668176228	Sst Rxfp1 Eya1
668249770	Sst Myh8 Etv1 
668464797	Vip Pygm C1ql1
668489573	Lamp5 Ntn1 Npy2r
669072736	Pvalb Gabrg1
669074640	Sst Calb2 Pdlim5
669112312	Sst Crhr2 Efemp1
669154876	Sst Hpse Cbln4
669165397	Sst Tac2 Tacstd2
669523148	Lamp5 Plch2 Dock5
669567574	Lamp5 Lsp1
669764794	Sst Chodl
669807010	Sst Chodl
669817511	Pvalb Tpbg
669825289	Sst Tac1 Htr1d
669838950	Pvalb Reln Itm2a
670066005	Pvalb Reln Itm2a
670091720	Pvalb Reln Itm2a
670153271	Pvalb Reln Tac1
670295503	Sst Chodl
670326711	Sst Chodl
670329639	Pvalb Tpbg
670340941	Sst Chodl
670607755	Lamp5 Plch2 Dock5
670666224	Lamp5 Ntn1 Npy2r
670686401	Sst Rxfp1 Eya1
670709216	Vip Crispld2 Kcne4
671529949	Pvalb Sema3e Kank4
671547731	Pvalb Tpbg
671943738	Lamp5 Ntn1 Npy2r
672318911	Sst Hpse Cbln4
672346340	Sst Hpse Cbln4
672392283	Sst Hpse Cbln4
672444950	Sst Hpse Sema3c
672494596	Sst Tac2 Tacstd2
672823119	Sst Myh8 Etv1 
672871389	Sncg Gpr50
672871774	Vip Lmo1 Myl1
672918290	Sst Esm1
672977850	Pvalb Gabrg1
673082762	Pvalb Tpbg
673121351	Lamp5 Plch2 Dock5
673139917	Lamp5 Plch2 Dock5
673395815	Sst Crhr2 Efemp1
673427380	Sst Chrna2 Glra3
673692648	Sncg Gpr50
673724358	Lamp5 Plch2 Dock5
673769249	Sst Calb2 Pdlim5
674069192	Sst Calb2 Pdlim5
674144712	Pvalb Reln Itm2a
674168545	Pvalb Reln Itm2a
674238221	Sst Hpse Cbln4
674238265	Lamp5 Plch2 Dock5
674246494	Lamp5 Plch2 Dock5
674247723	Lamp5 Plch2 Dock5
674251116	Vip Lmo1 Myl1
674260498	Vip Lmo1 Myl1
674419902	Sst Hpse Cbln4
674420128	Sst Calb2 Pdlim5
674471452	Lamp5 Plch2 Dock5
674482551	Sst Esm1
674537160	Sst Calb2 Pdlim5
674556708	Lamp5 Lsp1
674559170	Lamp5 Lsp1
674566874	Vip Lmo1 Fam159b
674582479	Lamp5 Lsp1
674587352	Vip Crispld2 Kcne4
674588640	Vip Ptprt Pkp2
675025710	Lamp5 Lsp1
675026566	Vip Lmo1 Fam159b
675027801	Lamp5 Lsp1
675772724	Pvalb Reln Itm2a
675904449	Sst Tac2 Tacstd2
676685241	Vip Lmo1 Myl1
676757248	Lamp5 Lsp1
676767745	Vip Ptprt Pkp2
676768413	Vip Col15a1 Pde1a
677042504	Lamp5 Lsp1
677077832	Sst Hpse Sema3c
678519215	Vip Ptprt Pkp2
678605510	Pvalb Reln Itm2a
678626969	Pvalb Akr1c18 Ntf3
678632250	Vip Crispld2 Kcne4
678641945	Vip Chat Htr1f
678656656	Vip Lect1 Oxtr
678708083	Vip Ptprt Pkp2
678708195	Vip Lmo1 Myl1
678711682	Pvalb Akr1c18 Ntf3
679028081	Sst Calb2 Necab1
679068460	Sst Hpse Cbln4
679226264	Vip Lmo1 Myl1
679300054	Pvalb Gabrg1
679447960	Sst Tac1 Htr1d
679475427	Sst Esm1
679512991	Sst Rxfp1 Prdm8
679578958	Vip Pygm C1ql1
679590711	Pvalb Gabrg1
679620100	Pvalb Gabrg1
679649396	Vip Arhgap36 Hmcn1
679650759	Vip Lect1 Oxtr
679863446	Sst Hpse Cbln4
679920275	Pvalb Tpbg
679932490	Pvalb Tpbg
680027413	Vip Lect1 Oxtr
680100714	Sst Nts
680108584	Pvalb Gabrg1
680553572	Vip Pygm C1ql1
680752163	Sst Hpse Cbln4
680852136	Lamp5 Lsp1
680898048	Lamp5 Lsp1
680956432	Sst Rxfp1 Eya1
680964142	Lamp5 Lsp1
681359761	Vip Lmo1 Myl1
681586118	Vip Lect1 Oxtr
681631284	Vip Ptprt Pkp2
681793778	Vip Crispld2 Htr2c
681837535	Vip Pygm C1ql1
681887486	Pvalb Reln Itm2a
681907924	Sst Calb2 Pdlim5
682128272	Vip Ptprt Pkp2
682131764	Vip Lmo1 Fam159b
682135792	Vip Col15a1 Pde1a
682145219	Vip Lmo1 Myl1
682151312	Pvalb Reln Itm2a
682158343	Lamp5 Lsp1
682163968	Lamp5 Lsp1
682176818	Sst Rxfp1 Prdm8
682177103	Lamp5 Lsp1
682223987	Sst Calb2 Pdlim5
682239403	Pvalb Reln Itm2a
682320370	Lamp5 Lsp1
682331689	Lamp5 Lsp1
682332013	Pvalb Reln Tac1
682402048	Pvalb Reln Itm2a
682454193	Pvalb Tpbg
683594240	Pvalb Tpbg
683782728	Pvalb Reln Itm2a
683811404	Sst Mme Fam114a1
683834014	Sst Hpse Sema3c
683840204	Sst Myh8 Fibin
683958677	Pvalb Reln Itm2a
684907719	Sst Hpse Cbln4
685314490	Vip Lmo1 Fam159b
685382599	Lamp5 Lsp1
685611222	Sst Calb2 Pdlim5
685624703	Sst Crhr2 Efemp1
685636842	Sst Crhr2 Efemp1
685707621	Pvalb Th Sst
685736302	Pvalb Reln Itm2a
685762610	Sst Hpse Sema3c
686334539	Lamp5 Plch2 Dock5
686334676	Lamp5 Plch2 Dock5
687104367	Lamp5 Lhx6
687907602	Sst Chrna2 Glra3
688115867	Sst Rxfp1 Prdm8
688130343	Pvalb Gabrg1
688133055	Sst Tac2 Tacstd2
688145929	Pvalb Th Sst
688152462	Lamp5 Plch2 Dock5
688152504	Sst Nts
688382422	Pvalb Tpbg
688926074	Sst Rxfp1 Prdm8
688958418	Sst Hpse Cbln4
688970669	Sst Calb2 Pdlim5
689017383	Sst Rxfp1 Prdm8
689030611	Pvalb Calb1 Sst
689098357	Sst Hpse Cbln4
689123951	Sst Chodl
689145054	Lamp5 Lhx6
689256816	Lamp5 Lsp1
689279957	Lamp5 Ntn1 Npy2r
689280134	Pvalb Gabrg1
689656936	Sst Calb2 Pdlim5
689678479	Sst Rxfp1 Prdm8
689705007	Pvalb Reln Itm2a
689775309	Pvalb Th Sst
689791001	Sst Chodl
689797731	Pvalb Gabrg1
691433259	Vip Rspo4 Rxfp1 Chat
691433482	Vip Col15a1 Pde1a
691511791	Vip Rspo4 Rxfp1 Chat
691547521	Vip Igfbp6 Car10
691665864	Lamp5 Plch2 Dock5
691670691	Sst Tac2 Tacstd2
691673416	Lamp5 Lsp1
691685873	Lamp5 Lsp1
691703809	Pvalb Sema3e Kank4
691719142	Vip Lmo1 Myl1
692015490	Sst Rxfp1 Prdm8
692044280	Sst Nts
692068557	Sst Calb2 Pdlim5
692161037	Sst Calb2 Pdlim5
692247628	Vip Lmo1 Myl1
692286150	Vip Lmo1 Myl1
692290052	Sst Chodl
692300498	Vip Ptprt Pkp2
692300636	Sst Calb2 Pdlim5
692310663	Sst Chrna2 Glra3
692470904	Sst Nts
692498211	Sst Rxfp1 Prdm8
692565557	Sst Esm1
692635606	Vip Gpc3 Slc18a3
692777680	Vip Crispld2 Kcne4
692793083	Vip Crispld2 Htr2c
692793282	Vip Crispld2 Kcne4
692794769	Pvalb Reln Itm2a
692808080	Pvalb Sema3e Kank4
692809544	Pvalb Tpbg
692821749	Pvalb Sema3e Kank4
692824134	Pvalb Reln Itm2a
692843780	Pvalb Reln Itm2a
692846027	Pvalb Sema3e Kank4
693009119	Sst Nts
693044296	Sst Rxfp1 Prdm8
693044826	Sst Hpse Cbln4
693069559	Sst Mme Fam114a1
693093302	Sst Crhr2 Efemp1
693230694	Vip Crispld2 Htr2c
693232442	Vip Rspo1 Itga4
694146546	Vip Ptprt Pkp2
694162255	Sst Nts
694183636	Vip Crispld2 Kcne4
694197913	Vip Pygm C1ql1
694220357	Pvalb Akr1c18 Ntf3
694335699	Pvalb Gabrg1
694413065	Pvalb Gabrg1
694419620	Pvalb Gabrg1
694420603	Pvalb Th Sst
694437359	Pvalb Gabrg1
694474022	Pvalb Gabrg1
694478454	Pvalb Th Sst
694482319	Pvalb Gabrg1
694664060	Vip Crispld2 Htr2c
694689662	Vip Ptprt Pkp2
694734857	Vip Lmo1 Myl1
694860793	Vip Gpc3 Slc18a3
694869009	Vip Ptprt Pkp2
694873662	Vip Arhgap36 Hmcn1
694874769	Vip Ptprt Pkp2
695266455	Vip Crispld2 Kcne4
695289158	Vip Lmo1 Fam159b
695318015	Vip Crispld2 Kcne4
695422181	Sst Calb2 Pdlim5
695432655	Sst Tac2 Tacstd2
695446404	Sst Tac2 Tacstd2
695949332	Sst Hpse Cbln4
696030664	Sst Hpse Sema3c
696059326	Sst Calb2 Pdlim5
696081106	Sst Rxfp1 Prdm8
696115308	Vip Lect1 Oxtr
696128312	Vip Pygm C1ql1
696136783	Sncg Vip Itih5
697292431	Pvalb Tpbg
697326722	Pvalb Tpbg
697328468	Pvalb Gpr149 Islr
697502029	Sst Rxfp1 Prdm8
697521591	Pvalb Sema3e Kank4
697543032	Pvalb Akr1c18 Ntf3
697543249	Pvalb Sema3e Kank4
697582111	Pvalb Reln Itm2a
697609511	Pvalb Sema3e Kank4
697764035	Lamp5 Lsp1
697783972	Vip Ptprt Pkp2
697787349	Pvalb Sema3e Kank4
697795277	Pvalb Sema3e Kank4
697795393	Pvalb Sema3e Kank4
697798908	Vip Lmo1 Fam159b
697799017	Vip Lmo1 Myl1
697804311	Pvalb Sema3e Kank4
697804445	Vip Rspo4 Rxfp1 Chat
697810063	Vip Rspo4 Rxfp1 Chat
697810231	Pvalb Sema3e Kank4
697810707	Vip Ptprt Pkp2
697810838	Vip Crispld2 Kcne4
697811314	Vip Lmo1 Myl1
697987610	Pvalb Vipr2
698042345	Pvalb Sema3e Kank4
698077857	Pvalb Gpr149 Islr
698086962	Pvalb Reln Itm2a
698504012	Pvalb Sema3e Kank4
698509705	Pvalb Vipr2
698570301	Pvalb Reln Itm2a
698586385	Pvalb Sema3e Kank4
698636803	Pvalb Reln Itm2a
698725237	Pvalb Sema3e Kank4
699448311	Pvalb Tpbg
699788826	Pvalb Sema3e Kank4
699805220	Pvalb Akr1c18 Ntf3
700105125	Sst Rxfp1 Eya1
700161354	Lamp5 Plch2 Dock5
700162028	Sst Calb2 Pdlim5
700193566	Lamp5 Ntn1 Npy2r
700193920	Sst Calb2 Pdlim5
700341530	Vip Ptprt Pkp2
700357513	Vip Crispld2 Kcne4
700390241	Vip Ptprt Pkp2
700413526	Vip Lmo1 Fam159b
700470340	Vip Ptprt Pkp2
700658027	Sst Chodl
700661679	Sst Chodl
700729949	Sst Chodl
701072703	Sst Chodl
701073003	Sst Chodl
701073396	Sst Chodl
701075567	Sst Chodl
701077452	Sst Chodl
701148434	Lamp5 Lsp1
701152294	Lamp5 Lsp1
701155312	Lamp5 Lsp1
701239541	Sst Rxfp1 Eya1
701605755	Sst Chodl
701630221	Sst Chodl
701684250	Lamp5 Lsp1
701750976	Sncg Vip Itih5
701751335	Lamp5 Ntn1 Npy2r
702051128	Sst Esm1
702082762	Sst Crhr2 Efemp1
702100037	Sst Crhr2 Efemp1
702124545	Sst Chodl
703141516	Sst Chodl
703154406	Sst Calb2 Pdlim5
703158517	Sst Esm1
703165931	Sst Calb2 Pdlim5
703169690	Pvalb Th Sst
703213182	Pvalb Gpr149 Islr
703231431	Pvalb Th Sst
703232472	Sst Rxfp1 Prdm8
703238991	Sst Myh8 Etv1 
703270805	Sst Rxfp1 Prdm8
703271595	Pvalb Gabrg1
703271625	Vip Ptprt Pkp2
703274690	Sst Calb2 Pdlim5
703276947	Vip Arhgap36 Hmcn1
703283610	Sst Crh 4930553C11Rik 
703288237	Vip Lect1 Oxtr
703443928	Pvalb Calb1 Sst
703512183	Sst Hpse Cbln4
703565379	Pvalb Th Sst
703570927	Sst Rxfp1 Eya1
703591588	Sst Rxfp1 Prdm8
703610080	Sst Esm1
703963200	Sst Crhr2 Efemp1
703972537	Sst Myh8 Etv1 
703992393	Sst Hpse Cbln4
704012357	Sst Hpse Cbln4
704012705	Sst Mme Fam114a1
704047023	Sst Calb2 Pdlim5
704070516	Pvalb Th Sst
704071039	Sst Crhr2 Efemp1
704086017	Pvalb Th Sst
704272923	Vip Pygm C1ql1
704285908	Vip Pygm C1ql1
704402841	Sst Rxfp1 Prdm8
704410009	Sst Hpse Sema3c
704411495	Sst Mme Fam114a1
704444653	Sst Rxfp1 Prdm8
704462624	Sst Calb2 Pdlim5
704482491	Sst Calb2 Pdlim5
704531371	Sst Calb2 Pdlim5
704652028	Vip Lmo1 Fam159b
704670940	Pvalb Vipr2
704701827	Sst Rxfp1 Eya1
704728420	Pvalb Akr1c18 Ntf3
704759134	Sst Rxfp1 Prdm8
704760377	Pvalb Akr1c18 Ntf3
704762338	Pvalb Vipr2
704768671	Sst Crh 4930553C11Rik 
704769317	Sst Rxfp1 Prdm8
704985586	Sst Calb2 Pdlim5
705173927	Sst Crhr2 Efemp1
705179319	Pvalb Tpbg
705209114	Sst Chodl
705220380	Sst Esm1
705245410	Sst Hpse Cbln4
705266559	Sst Calb2 Pdlim5
705268919	Sst Hpse Cbln4
705278421	Sst Tac1 Tacr3
705570328	Sst Myh8 Etv1 
705585853	Sst Hpse Cbln4
705593515	Pvalb Tpbg
705617133	Sst Hpse Cbln4
705624869	Sst Myh8 Etv1 
705642036	Sst Rxfp1 Prdm8
705649721	Sst Calb2 Pdlim5
705657401	Sst Tac2 Tacstd2
705710648	Sst Rxfp1 Eya1
705817510	Sst Nr2f2 Necab1
705853382	Sst Rxfp1 Prdm8
705853493	Sst Chodl
705875798	Sst Calb2 Pdlim5
705887968	Pvalb Reln Itm2a
706191067	Sst Calb2 Pdlim5
706265097	Sst Calb2 Pdlim5
706289784	Sst Esm1
706470043	Sst Hpse Cbln4
706531271	Lamp5 Ntn1 Npy2r
706531340	Lamp5 Plch2 Dock5
706631307	Sst Calb2 Pdlim5
707162377	Sst Crhr2 Efemp1
707179690	Sst Chodl
707297335	Sst Nr2f2 Necab1
707352752	Sst Rxfp1 Prdm8
707397301	Sst Chodl
707403326	Sst Hpse Cbln4
707424705	Sst Mme Fam114a1
707660063	Lamp5 Plch2 Dock5
707666602	Vip Igfbp6 Car10
707666779	Lamp5 Lsp1
707678952	Lamp5 Plch2 Dock5
707681894	Lamp5 Lsp1
708221753	Sst Tac2 Tacstd2
708221965	Sst Crh 4930553C11Rik 
708229331	Sst Tac2 Tacstd2
708237126	Sst Hpse Cbln4
708246759	Sst Rxfp1 Eya1
708298763	Sst Rxfp1 Eya1
708479383	Lamp5 Plch2 Dock5
708495657	Lamp5 Lsp1
708506205	Pvalb Reln Itm2a
708513415	Lamp5 Lsp1
708642436	Sst Hpse Cbln4
708659517	Sst Crhr2 Efemp1
708685097	Sst Tac1 Htr1d
708696471	Sst Hpse Cbln4
708696754	Lamp5 Lsp1
708712664	Pvalb Sema3e Kank4
708758571	Sst Esm1
708766941	Lamp5 Lsp1
708781717	Vip Ptprt Pkp2
708792108	Sst Hpse Cbln4
708797744	Pvalb Reln Itm2a
709153201	Pvalb Sema3e Kank4
709179855	Sst Hpse Cbln4
709219898	Vip Pygm C1ql1
709232477	Sst Hpse Cbln4
709329028	Pvalb Reln Itm2a
709332066	Sst Calb2 Pdlim5
709421749	Vip Pygm C1ql1
709423277	Lamp5 Lsp1
709427923	Pvalb Reln Tac1
709445342	Pvalb Reln Itm2a
709447918	Lamp5 Lsp1
709453221	Lamp5 Lsp1
709454191	Pvalb Tpbg
709454254	Pvalb Sema3e Kank4
709459537	Pvalb Sema3e Kank4
709464809	Pvalb Akr1c18 Ntf3
709473109	Pvalb Tpbg
709477636	Pvalb Tpbg
709480097	Pvalb Reln Itm2a
710136447	Vip Pygm C1ql1
710172327	Vip Ptprt Pkp2
710188363	Vip Rspo4 Rxfp1 Chat
710230349	Vip Arhgap36 Hmcn1
710309393	Vip Chat Htr1f
710332099	Pvalb Th Sst
710335225	Vip Igfbp4 Mab21l1
710336632	Pvalb Sema3e Kank4
710338421	Sst Esm1
710345047	Sst Hpse Cbln4
710345218	Lamp5 Lhx6
710363006	Pvalb Reln Itm2a
710730520	Sst Tac1 Htr1d
710743304	Sst Rxfp1 Eya1
710757677	Sst Calb2 Pdlim5
710767527	Sst Calb2 Pdlim5
710867549	Sst Mme Fam114a1
710867810	Sst Calb2 Pdlim5
710887122	Sst Mme Fam114a1
710912956	Sst Crh 4930553C11Rik 
710920450	Sst Hpse Sema3c
711202068	Sst Hpse Cbln4
711245238	Sst Chodl
711260951	Sst Mme Fam114a1
711282684	Pvalb Reln Itm2a
711369579	Pvalb Tpbg
711438994	Pvalb Reln Itm2a
711464852	Sst Chodl
711465105	Pvalb Reln Itm2a
711477649	Lamp5 Lsp1
711483278	Lamp5 Lhx6
711483359	Lamp5 Plch2 Dock5
711508435	Lamp5 Plch2 Dock5
711510463	Lamp5 Lsp1
711511692	Sst Chodl
711528753	Sst Chodl
711571947	Sst Crhr2 Efemp1
711572453	Lamp5 Plch2 Dock5
711572656	Lamp5 Lsp1
711577762	Lamp5 Ntn1 Npy2r
711770582	Sst Calb2 Pdlim5
711876906	Pvalb Reln Itm2a
711903629	Sst Nr2f2 Necab1
711923209	Sst Tac2 Tacstd2
711990021	Pvalb Reln Itm2a
712020677	Pvalb Reln Itm2a
712037689	Pvalb Reln Itm2a
712133949	Pvalb Gabrg1
712150175	Pvalb Reln Itm2a
712156999	Sst Rxfp1 Prdm8
713116724	Sst Mme Fam114a1
713136280	Sst Nts
713181291	Sst Hpse Cbln4
713288327	Sst Calb2 Pdlim5
713336527	Sst Hpse Cbln4
713442456	Sst Hpse Cbln4
713692025	Vip Lect1 Oxtr
713747705	Vip Arhgap36 Hmcn1
713768156	Vip Ptprt Pkp2
713797685	Pvalb Akr1c18 Ntf3
713806196	Vip Ptprt Pkp2
713829667	Pvalb Th Sst
713886995	Vip Igfbp4 Mab21l1
713924319	Vip Arhgap36 Hmcn1
714007445	Sst Rxfp1 Prdm8
714016148	Pvalb Tpbg
714040661	Pvalb Sema3e Kank4
714046391	Pvalb Reln Itm2a
714046701	Pvalb Reln Itm2a
714086883	Pvalb Reln Itm2a
714106437	Pvalb Akr1c18 Ntf3
714210189	Vip Ptprt Pkp2
714228701	Pvalb Reln Tac1
714378460	Vip Pygm C1ql1
714405422	Vip Crispld2 Kcne4
714462113	Vip Col15a1 Pde1a
714485370	Sncg Vip Nptx2
714493051	Pvalb Gabrg1
714517612	Vip Chat Htr1f
714601733	Pvalb Akr1c18 Ntf3
714673962	Sncg Vip Itih5
714701049	Lamp5 Lsp1
714701489	Pvalb Sema3e Kank4
714717722	Lamp5 Ntn1 Npy2r
714722191	Lamp5 Lsp1
714722221	Lamp5 Lhx6
714743771	Pvalb Tpbg
714755043	Sncg Vip Nptx2
714755572	Vip Crispld2 Kcne4
714904858	Vip Ptprt Pkp2
714932261	Vip Gpc3 Slc18a3
714936352	Sncg Vip Itih5
715036882	Sst Rxfp1 Prdm8
715063865	Vip Lmo1 Fam159b
715092854	Sst Rxfp1 Prdm8
715103050	Pvalb Gabrg1
715106551	Sst Nts
715148321	Vip Igfbp4 Mab21l1
715158850	Pvalb Akr1c18 Ntf3
715159651	Vip Pygm C1ql1
715163712	Pvalb Akr1c18 Ntf3
715163795	Vip Lmo1 Myl1
716008621	Vip Arhgap36 Hmcn1
716233643	Pvalb Sema3e Kank4
716298521	Sncg Vip Itih5
716307564	Pvalb Akr1c18 Ntf3
716330705	Vip Lmo1 Myl1
716506444	Vip Chat Htr1f
716556217	Lamp5 Lsp1
716591444	Sncg Gpr50
716591702	Lamp5 Lsp1
716592645	Sncg Vip Itih5
716595024	Vip Lect1 Oxtr
716729379	Vip Ptprt Pkp2
716746196	Vip Lmo1 Myl1
716760772	Vip Lmo1 Myl1
716832846	Lamp5 Lsp1
716838742	Lamp5 Lsp1
716842736	Sncg Vip Itih5
716846357	Lamp5 Lsp1
716846733	Sncg Vip Itih5
716855459	Lamp5 Lsp1
716859364	Sst Hpse Cbln4
716864944	Lamp5 Lsp1
717354644	Sst Calb2 Pdlim5
717376304	Sst Calb2 Pdlim5
717393031	Sst Calb2 Necab1
717412114	Sst Calb2 Pdlim5
717472464	Sst Calb2 Pdlim5
717637005	Lamp5 Plch2 Dock5
717637270	Pvalb Reln Itm2a
717646732	Pvalb Sema3e Kank4
717675736	Lamp5 Lsp1
717700352	Pvalb Sema3e Kank4
717732613	Pvalb Sema3e Kank4
717732762	Vip Lmo1 Fam159b
717738370	Sst Nr2f2 Necab1
717745994	Pvalb Sema3e Kank4
717770635	Lamp5 Lsp1
718049075	Pvalb Tpbg
718054696	Pvalb Tpbg
718123792	Sst Rxfp1 Eya1
718128873	Sst Rxfp1 Prdm8
718136012	Sst Esm1
718138161	Sst Rxfp1 Prdm8
718165701	Sst Rxfp1 Prdm8
718177320	Sst Rxfp1 Eya1
718188717	Pvalb Sema3e Kank4
718195284	Sst Nts
718195555	Sst Rxfp1 Prdm8
718196458	Sst Rxfp1 Prdm8
718202813	Sst Esm1
718205957	Sst Hpse Cbln4
718217349	Sst Hpse Cbln4
718237581	Pvalb Sema3e Kank4
718257664	Pvalb Tpbg
718257716	Pvalb Reln Itm2a
718473774	Sst Crhr2 Efemp1
718474288	Sst Myh8 Etv1 
718475318	Pvalb Gabrg1
718476740	Sst Mme Fam114a1
718494231	Sst Mme Fam114a1
718552831	Sst Hpse Cbln4
718571204	Sst Tac2 Tacstd2
718594887	Sst Crhr2 Efemp1
718601016	Sst Esm1
718618263	Sst Calb2 Pdlim5
718631381	Pvalb Akr1c18 Ntf3
718634695	Sst Crhr2 Efemp1
718636190	Sst Rxfp1 Prdm8
718640845	Sst Tac2 Tacstd2
718643242	Sst Rxfp1 Eya1
718643723	Sst Crh 4930553C11Rik 
718644056	Sst Rxfp1 Eya1
718645369	Pvalb Akr1c18 Ntf3
718645405	Sst Hpse Cbln4
718654456	Pvalb Reln Tac1
718656998	Pvalb Calb1 Sst
718657362	Sst Tac1 Htr1d
718759804	Sst Hpse Sema3c
718798931	Sst Tac2 Tacstd2
718831022	Sst Calb2 Pdlim5
718849411	Lamp5 Ntn1 Npy2r
718852883	Sst Hpse Cbln4
718869962	Pvalb Reln Itm2a
718872930	Pvalb Reln Itm2a
718873091	Pvalb Gpr149 Islr
718874355	Pvalb Sema3e Kank4
718875577	Pvalb Reln Itm2a
718877932	Pvalb Sema3e Kank4
718882166	Pvalb Reln Itm2a
718882265	Pvalb Reln Itm2a
718883357	Pvalb Tpbg
718886619	Pvalb Reln Itm2a
719108203	Sst Hpse Cbln4
719519226	Sst Nts
719604384	Sst Rxfp1 Eya1
719637133	Sst Myh8 Etv1 
719683370	Sst Tac2 Tacstd2
719918282	Pvalb Reln Itm2a
719945075	Sst Calb2 Pdlim5
720163722	Pvalb Vipr2
720165746	Sst Hpse Cbln4
720170155	Sst Rxfp1 Prdm8
720173255	Sst Rxfp1 Prdm8
720186469	Sst Esm1
720207494	Sst Crh 4930553C11Rik 
720223511	Sst Tac2 Tacstd2
720232438	Sst Rxfp1 Prdm8
720269533	Sst Calb2 Pdlim5
720288904	Sst Hpse Sema3c
720308298	Sst Nts
720310588	Pvalb Gpr149 Islr
720313430	Pvalb Reln Itm2a
720323976	Pvalb Reln Itm2a
720375475	Pvalb Tpbg
720526714	Sst Myh8 Etv1 
720529759	Sst Chodl
720545325	Sst Crhr2 Efemp1
720548007	Sst Tac2 Tacstd2
720580383	Sst Hpse Cbln4
720598581	Sst Rxfp1 Prdm8
720622139	Sst Tac2 Tacstd2
720678722	Sst Crhr2 Efemp1
720681717	Pvalb Sema3e Kank4
720682831	Pvalb Tpbg
720684671	Sst Esm1
720692608	Pvalb Reln Itm2a
720692646	Sst Hpse Cbln4
720722317	Pvalb Tpbg
720725635	Pvalb Reln Itm2a
720734428	Pvalb Tpbg
720745045	Pvalb Reln Itm2a
721693943	Pvalb Reln Itm2a
722771889	Sst Calb2 Pdlim5
722795299	Sst Crhr2 Efemp1
722821387	Sst Calb2 Pdlim5
722821551	Sst Tac2 Tacstd2
722831890	Sst Mme Fam114a1
722883706	Sst Hpse Cbln4
722895311	Pvalb Sema3e Kank4
723478039	Vip Pygm C1ql1
723597336	Pvalb Sema3e Kank4
723600587	Vip Pygm C1ql1
723632259	Sst Tac2 Tacstd2
723731306	Sst Rxfp1 Prdm8
723754537	Sst Crhr2 Efemp1
723964904	Sst Crhr2 Efemp1
723967761	Vip Lmo1 Fam159b
723968079	Sst Hpse Sema3c
724023692	Vip Gpc3 Slc18a3
724161376	Sst Tac2 Tacstd2
724173929	Sst Esm1
724191966	Lamp5 Plch2 Dock5
724583974	Sst Mme Fam114a1
724633921	Sst Calb2 Pdlim5
724655827	Sst Calb2 Pdlim5
724670298	Sst Rxfp1 Eya1
724701355	Sst Crh 4930553C11Rik 
724744790	Lamp5 Plch2 Dock5
724756081	Lamp5 Plch2 Dock5
724770442	Lamp5 Fam19a1 Tmem182
724775364	Sst Hpse Sema3c
724775685	Sst Hpse Sema3c
724790044	Sst Tac2 Tacstd2
724799969	Lamp5 Lhx6
724802323	Lamp5 Plch2 Dock5
724802621	Sst Rxfp1 Eya1
724810448	Sst Calb2 Pdlim5
724811831	Pvalb Sema3e Kank4
726081520	Vip Crispld2 Kcne4
726156251	Lamp5 Lsp1
726192665	Lamp5 Ntn1 Npy2r
726231894	Sst Myh8 Etv1 
726300728	Sst Rxfp1 Prdm8
726339406	Sst Calb2 Pdlim5
726357324	Sst Myh8 Fibin
726375516	Sst Crhr2 Efemp1
726950294	Sst Esm1
726974014	Pvalb Calb1 Sst
726982093	Sst Rxfp1 Eya1
726997146	Pvalb Sema3e Kank4
727114502	Sst Nr2f2 Necab1
727146579	Lamp5 Lsp1
727155057	Sst Hpse Cbln4
727163311	Pvalb Gabrg1
727166151	Sst Hpse Sema3c
727172315	Sst Crhr2 Efemp1
727204412	Sst Mme Fam114a1
727204460	Sst Tac2 Tacstd2
727238274	Sst Crhr2 Efemp1
727327912	Sst Crhr2 Efemp1
727336328	Sst Crhr2 Efemp1
727352912	Sst Hpse Cbln4
727370663	Sst Hpse Cbln4
727388125	Sst Hpse Cbln4
727727828	Pvalb Calb1 Sst
727766640	Sst Rxfp1 Eya1
727791672	Sst Nts
727824228	Pvalb Th Sst
727851191	Sst Chodl
727897981	Sst Rxfp1 Eya1
728150511	Sst Nr2f2 Necab1
728533046	Sst Calb2 Pdlim5
728733066	Sst Hpse Sema3c
728756256	Sst Rxfp1 Eya1
728775704	Sst Hpse Sema3c
728786009	Sst Myh8 Etv1 
728792260	Sst Hpse Cbln4
728800860	Sst Hpse Cbln4
728815682	Sst Hpse Cbln4
729190038	Sst Rxfp1 Eya1
729269557	Pvalb Tpbg
729316795	Sst Mme Fam114a1
729415408	Sst Hpse Cbln4
729429892	Sst Chrna2 Ptgdr
730734599	Pvalb Sema3e Kank4
730796336	Vip Ptprt Pkp2
730803523	Vip Ptprt Pkp2
730814458	Vip Ptprt Pkp2
730831464	Pvalb Sema3e Kank4
730849363	Lamp5 Lsp1
730867067	Lamp5 Lsp1
730878829	Lamp5 Lsp1
731300491	Pvalb Tpbg
731373072	Pvalb Tpbg
731431918	Pvalb Reln Itm2a
731651186	Sst Esm1
731709424	Sst Tac2 Tacstd2
731733715	Sst Myh8 Etv1 
731743339	Sst Rxfp1 Prdm8
731765828	Sst Tac2 Tacstd2
731817645	Sst Nr2f2 Necab1
731830471	Sst Esm1
731877396	Sst Esm1
731882356	Lamp5 Ntn1 Npy2r
731917470	Lamp5 Plch2 Dock5
731974838	Lamp5 Lsp1
731980846	Lamp5 Plch2 Dock5
732017877	Vip Igfbp6 Car10
732486682	Pvalb Reln Itm2a
732518824	Pvalb Reln Itm2a
732708277	Lamp5 Lsp1
732718094	Pvalb Tpbg
732755070	Vip Chat Htr1f
732765167	Pvalb Sema3e Kank4
732773383	Lamp5 Lhx6
732783696	Pvalb Sema3e Kank4
733333331	Pvalb Reln Tac1
733375462	Sst Tac2 Tacstd2
733377050	Pvalb Tpbg
733483384	Sst Esm1
733537608	Lamp5 Lsp1
733619834	Pvalb Sema3e Kank4
734644382	Sst Crhr2 Efemp1
734651498	Lamp5 Lhx6
734717687	Sst Esm1
734747421	Sst Crhr2 Efemp1
734802524	Lamp5 Lsp1
736247974	Sst Chrna2 Glra3
736282349	Sst Tac2 Tacstd2
736466540	Vip Gpc3 Slc18a3
736490544	Serpinf1 Aqp5 Vip
736490818	Vip Ptprt Pkp2
736493069	Lamp5 Fam19a1 Tmem182
736493111	Vip Lmo1 Myl1
736800603	Vip Arhgap36 Hmcn1
736800747	Vip Ptprt Pkp2
736805833	Vip Arhgap36 Hmcn1
736834462	Vip Crispld2 Kcne4
736884821	Vip Crispld2 Kcne4
736887426	Vip Crispld2 Kcne4
737181466	Vip Ptprt Pkp2
737232125	Vip Lmo1 Myl1
737412666	Vip Lect1 Oxtr
737459574	Vip Ptprt Pkp2
737488739	Vip Ptprt Pkp2
738039565	Vip Ptprt Pkp2
738041308	Vip Lmo1 Myl1
738041476	Vip Rspo1 Itga4
738041530	Vip Ptprt Pkp2
738042857	Vip Chat Htr1f
738367245	Vip Lmo1 Myl1
738401019	Vip Crispld2 Kcne4
738429639	Vip Ptprt Pkp2
738453781	Vip Gpc3 Slc18a3
738468369	Vip Pygm C1ql1
738551522	Vip Pygm C1ql1
738651575	Sst Esm1
738709906	Vip Lmo1 Myl1
738745195	Vip Lect1 Oxtr
738753600	Sst Tac2 Tacstd2
738768160	Vip Crispld2 Kcne4
738778332	Vip Gpc3 Slc18a3
738827343	Vip Pygm C1ql1
738859085	Vip Crispld2 Kcne4
738872748	Vip Chat Htr1f
738873268	Vip Lmo1 Myl1
738910302	Vip Ptprt Pkp2
738980527	Vip Ptprt Pkp2
739547189	Vip Pygm C1ql1
739558458	Vip Pygm C1ql1
739558698	Sst Calb2 Pdlim5
739570508	Vip Crispld2 Kcne4
739704046	Sst Crhr2 Efemp1
739710455	Vip Lmo1 Fam159b
739718533	Vip Lmo1 Myl1
739761814	Vip Arhgap36 Hmcn1
739810705	Lamp5 Plch2 Dock5
739826599	Vip Gpc3 Slc18a3
739829029	Sncg Vip Nptx2
739843300	Vip Arhgap36 Hmcn1
739851455	Vip Lmo1 Fam159b
740094065	Sst Crh 4930553C11Rik 
740099887	Sst Rxfp1 Eya1
740110275	Sst Nts
740134630	Sst Myh8 Etv1 
740134859	Sst Rxfp1 Prdm8
740135032	Sst Calb2 Pdlim5
740154931	Sst Calb2 Pdlim5
740155221	Sst Calb2 Pdlim5
740157322	Sst Hpse Cbln4
740164794	Pvalb Reln Itm2a
740165079	Sst Tac2 Tacstd2
740171595	Vip Crispld2 Htr2c
740177517	Sst Hpse Sema3c
740177619	Vip Arhgap36 Hmcn1
740329222	Lamp5 Lsp1
740375958	Sst Tac2 Tacstd2
740377985	Lamp5 Lsp1
740380531	Sst Calb2 Pdlim5
740384583	Pvalb Sema3e Kank4
740387306	Sst Hpse Sema3c
740393842	Sst Calb2 Pdlim5
740402647	Sst Nts
740404536	Pvalb Tpbg
740675145	Sst Esm1
740731933	Sst Myh8 Fibin
740732467	Sst Tac2 Tacstd2
740780456	Sst Hpse Cbln4
740819727	Sst Rxfp1 Eya1
740844208	Vip Crispld2 Kcne4
740853942	Sst Calb2 Pdlim5
740865726	Sst Hpse Sema3c
740868192	Pvalb Sema3e Kank4
740872937	Sst Hpse Cbln4
740873391	Pvalb Tpbg
740874479	Vip Crispld2 Kcne4
740875222	Sst Chodl
740877043	Vip Crispld2 Kcne4
740877184	Vip Crispld2 Kcne4
740880740	Vip Crispld2 Kcne4
740890495	Sst Calb2 Pdlim5
740892132	Vip Pygm C1ql1
740895056	Sncg Vip Itih5
741090878	Sst Mme Fam114a1
741098201	Sst Mme Fam114a1
741110186	Sst Rxfp1 Prdm8
741137203	Sst Esm1
741137658	Sst Hpse Cbln4
741138005	Sst Hpse Cbln4
741170129	Sst Calb2 Pdlim5
741170308	Sst Rxfp1 Eya1
741170454	Sst Rxfp1 Prdm8
741175551	Sst Myh8 Fibin
741175739	Sst Crhr2 Efemp1
741183749	Sst Calb2 Pdlim5
741188037	Sst Rxfp1 Prdm8
741193645	Sst Calb2 Pdlim5
741194756	Sst Rxfp1 Prdm8
741195002	Vip Chat Htr1f
741195052	Sst Calb2 Pdlim5
741198581	Sst Rxfp1 Prdm8
741202597	Lamp5 Lsp1
741204588	Pvalb Tpbg
741225385	Lamp5 Ntn1 Npy2r
741230081	Sst Hpse Cbln4
741255530	Vip Col15a1 Pde1a
741269223	Sst Hpse Cbln4
741270123	Vip Col15a1 Pde1a
741277279	Sst Calb2 Necab1
741318409	Sst Hpse Cbln4
741742636	Sst Rxfp1 Eya1
741785767	Sst Hpse Cbln4
741796557	Sst Myh8 Etv1 
741835406	Sst Calb2 Pdlim5
741835561	Sst Myh8 Fibin
741894708	Lamp5 Plch2 Dock5
741908619	Sst Esm1
741940660	Sst Mme Fam114a1
741977538	Lamp5 Plch2 Dock5
742008238	Pvalb Calb1 Sst
742016193	Lamp5 Lsp1
742022294	Lamp5 Plch2 Dock5
742030579	Lamp5 Ntn1 Npy2r
742033571	Vip Crispld2 Htr2c
742059312	Lamp5 Ntn1 Npy2r
742716700	Lamp5 Lhx6
742753494	Vip Ptprt Pkp2
742768656	Vip Chat Htr1f
742784488	Vip Ptprt Pkp2
742796843	Vip Ptprt Pkp2
742798832	Vip Rspo4 Rxfp1 Chat
742800964	Vip Chat Htr1f
742900335	Vip Rspo4 Rxfp1 Chat
742934793	Vip Crispld2 Kcne4
742947199	Vip Crispld2 Kcne4
742954319	Vip Crispld2 Htr2c
742954364	Vip Col15a1 Pde1a
742955763	Sst Hpse Cbln4
742956744	Vip Crispld2 Kcne4
742960975	Vip Col15a1 Pde1a
742981509	Vip Chat Htr1f
742984285	Pvalb Tpbg
743001170	Sncg Vip Itih5
743013006	Lamp5 Plch2 Dock5
743022239	Sst Rxfp1 Prdm8
743027204	Pvalb Tpbg
743032543	Sst Nts
743035478	Sst Esm1
743041228	Sst Nts
743049545	Sst Crh 4930553C11Rik 
743049614	Sst Nts
743068573	Sst Rxfp1 Prdm8
743114276	Sst Rxfp1 Prdm8
743132644	Sst Rxfp1 Prdm8
743375295	Vip Lmo1 Fam159b
743402684	Vip Igfbp4 Mab21l1
743435693	Vip Pygm C1ql1
743458377	Vip Col15a1 Pde1a
743468218	Vip Crispld2 Htr2c
743495765	Sst Chodl
743497097	Vip Crispld2 Htr2c
743504177	Vip Crispld2 Htr2c
743534474	Sst Hpse Cbln4
743547853	Sst Myh8 Etv1 
743570053	Pvalb Tpbg
743655638	Pvalb Reln Itm2a
743660435	Pvalb Reln Tac1
743664739	Pvalb Sema3e Kank4
743731114	Sst Crhr2 Efemp1
743752095	Lamp5 Lhx6
743752378	Vip Ptprt Pkp2
743770160	Lamp5 Lsp1
743782351	Vip Pygm C1ql1
743803413	Pvalb Tpbg
743803825	Sst Crhr2 Efemp1
744053590	Vip Lmo1 Myl1
744118785	Vip Col15a1 Pde1a
744150787	Vip Crispld2 Kcne4
744173435	Vip Crispld2 Htr2c
744184223	Vip Crispld2 Kcne4
744211669	Vip Lmo1 Fam159b
744222514	Vip Col15a1 Pde1a
744283290	Vip Lmo1 Fam159b
744405042	Vip Col15a1 Pde1a
744416867	Pvalb Sema3e Kank4
744438533	Pvalb Sema3e Kank4
744454922	Pvalb Reln Itm2a
744458623	Pvalb Reln Itm2a
744476851	Sst Mme Fam114a1
744975652	Vip Pygm C1ql1
744995039	Pvalb Akr1c18 Ntf3
745083091	Pvalb Tpbg
745083231	Pvalb Sema3e Kank4
745094310	Pvalb Tpbg
745097813	Pvalb Reln Itm2a
745565887	Sst Myh8 Etv1 
745584401	Sst Mme Fam114a1
745607913	Sst Rxfp1 Eya1
745632694	Sst Hpse Cbln4
745632724	Sst Calb2 Pdlim5
745636875	Sst Hpse Cbln4
745636919	Sst Calb2 Pdlim5
745638026	Sst Esm1
745638584	Sst Calb2 Pdlim5
745650081	Sst Calb2 Pdlim5
745656253	Sst Calb2 Pdlim5
745657580	Sst Calb2 Pdlim5
745661062	Sst Calb2 Pdlim5
745692039	Sst Calb2 Pdlim5
745721149	Sst Calb2 Pdlim5
745730865	Sst Calb2 Pdlim5
745740295	Sst Esm1
745746097	Sst Calb2 Pdlim5
745765149	Sst Hpse Cbln4
746008562	Vip Pygm C1ql1
746035693	Vip Chat Htr1f
746039674	Vip Pygm C1ql1
746075122	Vip Chat Htr1f
746086313	Lamp5 Plch2 Dock5
746102029	Lamp5 Lsp1
746150922	Vip Chat Htr1f
746160014	Lamp5 Lsp1
746172313	Lamp5 Lsp1
746177895	Pvalb Akr1c18 Ntf3
746224396	Sst Esm1
746230941	Sst Tac2 Tacstd2
746256653	Sst Calb2 Pdlim5
746257157	Sst Hpse Cbln4
746257833	Sst Hpse Sema3c
746265346	Sst Calb2 Pdlim5
746747868	Sst Tac2 Tacstd2
746748645	Sst Esm1
746749610	Sst Esm1
746755089	Sst Rxfp1 Eya1
746793090	Sst Myh8 Fibin
746909752	Sst Calb2 Pdlim5
746917495	Sst Hpse Cbln4
746917764	Sst Rxfp1 Prdm8
746924803	Sst Hpse Cbln4
746987571	Sst Hpse Cbln4
746999234	Sst Esm1
747009657	Sst Crhr2 Efemp1
747014167	Sst Tac2 Tacstd2
747014238	Sst Tac2 Tacstd2
747050694	Sst Calb2 Pdlim5
747056356	Sst Rxfp1 Prdm8
750162069	Sst Rxfp1 Eya1
750189292	Sst Esm1
750210640	Sst Calb2 Pdlim5
750233621	Sst Tac2 Tacstd2
750242249	Sst Tac2 Tacstd2
750261373	Sst Chodl
750331780	Sst Esm1
750378044	Sst Chodl
750378755	Lamp5 Plch2 Dock5
750405307	Sst Chodl
750421101	Lamp5 Plch2 Dock5
750424273	Sst Chodl
750436969	Sst Chodl
750440984	Sst Hpse Sema3c
750461799	Sst Calb2 Pdlim5
750461846	Sst Chodl
750462319	Sst Hpse Cbln4
750464909	Sst Esm1
750465208	Sst Hpse Cbln4
750465238	Sst Calb2 Necab1
750465525	Sst Hpse Cbln4
750467051	Sst Crhr2 Efemp1
750472545	Sst Hpse Cbln4
750472575	Sst Calb2 Pdlim5
750489990	Sst Crhr2 Efemp1
750689113	Sst Calb2 Pdlim5
750706642	Sst Esm1
750721588	Sst Rxfp1 Prdm8
750733881	Sst Crhr2 Efemp1
750757147	Sst Crhr2 Efemp1
750773551	Lamp5 Fam19a1 Tmem182
750776546	Sst Rxfp1 Eya1
750780017	Lamp5 Ntn1 Npy2r
750783451	Sst Calb2 Pdlim5
750783593	Sst Rxfp1 Prdm8
750786577	Lamp5 Plch2 Dock5
750786617	Sst Crh 4930553C11Rik 
750786807	Sst Crhr2 Efemp1
750789473	Sst Esm1
750794085	Sst Calb2 Pdlim5
750795221	Sst Esm1
750798337	Sst Calb2 Pdlim5
750798367	Sst Esm1
750801763	Sst Chodl
750801904	Sst Tac2 Tacstd2
750803570	Sst Calb2 Pdlim5
750805922	Sst Calb2 Pdlim5
750824726	Sst Nts
750824926	Sst Crhr2 Efemp1
750833190	Sst Rxfp1 Eya1
751183031	Sst Mme Fam114a1
751199266	Sst Myh8 Etv1 
751226394	Sst Chodl
751229887	Sst Rxfp1 Eya1
751250310	Sst Tac2 Tacstd2
751288601	Pvalb Reln Itm2a
751288807	Sst Hpse Cbln4
751349800	Sst Rxfp1 Prdm8
751947558	Sst Mme Fam114a1
751991697	Pvalb Th Sst
751992481	Sst Crh 4930553C11Rik 
752000685	Sst Crhr2 Efemp1
752020215	Sst Calb2 Pdlim5
752027250	Sst Hpse Cbln4
752038120	Sst Crhr2 Efemp1
752038334	Sst Esm1
752042986	Sst Hpse Sema3c
752063316	Sst Calb2 Pdlim5
752076561	Sst Calb2 Pdlim5
752086133	Sst Rxfp1 Eya1
752276388	Sst Hpse Cbln4
753654338	Sst Rxfp1 Prdm8
753671885	Sst Rxfp1 Prdm8
753672187	Sst Rxfp1 Prdm8
753691665	Sst Nts
753707616	Sst Esm1
753707847	Sst Nr2f2 Necab1
753716937	Sst Hpse Cbln4
753733598	Sst Hpse Cbln4
753733790	Sst Rxfp1 Eya1
753752257	Sst Nts
753770297	Sst Calb2 Pdlim5
753782979	Sst Esm1
753798363	Pvalb Akr1c18 Ntf3
753811240	Sst Hpse Cbln4
753847212	Sst Hpse Sema3c
753861026	Sst Esm1
753866455	Sst Myh8 Etv1 
753896151	Sst Calb2 Pdlim5
753907785	Sst Rxfp1 Eya1
753936208	Sst Esm1
753945691	Sst Hpse Cbln4
753958280	Sst Chodl
753963699	Sst Hpse Cbln4
753963792	Sst Chodl
753979676	Sst Hpse Cbln4
753985861	Sst Crhr2 Efemp1
754477222	Vip Chat Htr1f
754497427	Pvalb Tpbg
754502546	Pvalb Tpbg
754508194	Pvalb Sema3e Kank4
754514166	Pvalb Reln Itm2a
754527431	Vip Pygm C1ql1
754527842	Pvalb Tpbg
754528922	Pvalb Reln Itm2a
754697892	Sst Rxfp1 Prdm8
754711439	Sst Tac2 Tacstd2
754729595	Sst Tac2 Tacstd2
754748254	Pvalb Gabrg1
754777509	Sst Calb2 Pdlim5
754795653	Sst Hpse Cbln4
754804972	Sst Hpse Cbln4
754807659	Sst Crhr2 Efemp1
754816429	Sst Rxfp1 Prdm8
754822442	Sst Calb2 Necab1
754825708	Pvalb Tpbg
754834825	Sst Calb2 Pdlim5
754848460	Sst Nts
754857573	Sst Calb2 Necab1
754857707	Sst Hpse Sema3c
754872367	Sst Crhr2 Efemp1
754873107	Sst Crhr2 Efemp1
754896300	Vip Pygm C1ql1
754896455	Vip Chat Htr1f
754897161	Vip Chat Htr1f
755265909	Vip Gpc3 Slc18a3
755326644	Vip Arhgap36 Hmcn1
755367415	Sncg Vip Itih5
755385868	Vip Arhgap36 Hmcn1
755393467	Pvalb Reln Itm2a
755435736	Pvalb Gpr149 Islr
755444656	Pvalb Tpbg
755528415	Vip Chat Htr1f
755541521	Pvalb Sema3e Kank4
755552030	Vip Chat Htr1f
755592855	Vip Pygm C1ql1
755596639	Vip Pygm C1ql1
755615266	Serpinf1 Aqp5 Vip
755620558	Vip Pygm C1ql1
755625739	Pvalb Gpr149 Islr
755625849	Vip Chat Htr1f
755913304	Vip Lmo1 Myl1
756099070	Pvalb Sema3e Kank4
756102373	Pvalb Reln Tac1
756109037	Pvalb Sema3e Kank4
756109552	Pvalb Reln Itm2a
756577499	Pvalb Reln Itm2a
756604961	Pvalb Reln Itm2a
756644874	Pvalb Akr1c18 Ntf3
756672253	Pvalb Sema3e Kank4
756692316	Pvalb Sema3e Kank4
756727211	Pvalb Sema3e Kank4
757210519	Vip Crispld2 Kcne4
757252810	Vip Col15a1 Pde1a
757286344	Sncg Vip Itih5
757309042	Vip Lmo1 Fam159b
757329936	Vip Crispld2 Kcne4
757531718	Vip Crispld2 Kcne4
757575885	Vip Pygm C1ql1
758058197	Vip Col15a1 Pde1a
758112844	Vip Crispld2 Kcne4
758142335	Vip Lmo1 Myl1
758147742	Pvalb Reln Itm2a
758157901	Pvalb Reln Itm2a
758179526	Vip Lect1 Oxtr
758206804	Pvalb Sema3e Kank4
758262960	Vip Pygm C1ql1
758263126	Vip Lmo1 Myl1
759440987	Vip Crispld2 Htr2c
759450448	Vip Crispld2 Htr2c
759502397	Vip Pygm C1ql1
759504695	Vip Chat Htr1f
759513794	Vip Chat Htr1f
759529127	Serpinf1 Aqp5 Vip
759530125	Serpinf1 Aqp5 Vip
759532491	Vip Ptprt Pkp2
759544868	Vip Ptprt Pkp2
759544966	Vip Arhgap36 Hmcn1
759558762	Sncg Vip Itih5
759684939	Sst Tac2 Tacstd2
759697468	Sst Rxfp1 Eya1
759726741	Sst Hpse Cbln4
759751429	Vip Crispld2 Kcne4
759758674	Sst Hpse Sema3c
759761472	Sst Calb2 Pdlim5
759762537	Vip Arhgap36 Hmcn1
759772525	Vip Crispld2 Htr2c
759784296	Vip Ptprt Pkp2
759891857	Sst Tac2 Tacstd2
759899545	Sst Calb2 Pdlim5
759901440	Sst Calb2 Pdlim5
759909292	Sst Hpse Sema3c
759924594	Sst Hpse Cbln4
759927422	Sst Hpse Cbln4
759939473	Sst Tac2 Tacstd2
759945868	Vip Igfbp4 Mab21l1
759948010	Sst Rxfp1 Prdm8
759948182	Sst Calb2 Pdlim5
759955697	Sst Hpse Sema3c
759959254	Sst Esm1
759961376	Vip Pygm C1ql1
759970262	Sst Tac1 Htr1d
760003897	Sst Hpse Cbln4
760011270	Sst Myh8 Etv1 
760018980	Pvalb Calb1 Sst
760027545	Sst Calb2 Pdlim5
760029391	Sst Rxfp1 Prdm8
760037576	Vip Arhgap36 Hmcn1
760050336	Vip Lmo1 Myl1
760068261	Sst Tac2 Tacstd2
760268259	Sst Hpse Cbln4
760280508	Sst Calb2 Pdlim5
760294832	Sst Chrna2 Glra3
760297286	Sst Rxfp1 Prdm8
760305136	Sst Calb2 Pdlim5
760313302	Sst Esm1
760315920	Sst Calb2 Pdlim5
760316107	Vip Col15a1 Pde1a
760368080	Sst Calb2 Pdlim5
760372714	Vip Crispld2 Kcne4
760379237	Serpinf1 Aqp5 Vip
760386740	Vip Crispld2 Htr2c
760387424	Vip Crispld2 Htr2c
760416458	Sst Chrna2 Ptgdr
760421789	Sst Crhr2 Efemp1
760437219	Vip Lect1 Oxtr
760491928	Vip Ptprt Pkp2
760507316	Vip Pygm C1ql1
760518937	Sst Rxfp1 Prdm8
760533748	Sst Crhr2 Efemp1
760552500	Sst Hpse Cbln4
760811392	Sst Hpse Cbln4
760813815	Sst Hpse Sema3c
760821319	Sst Rxfp1 Prdm8
760832993	Sst Crhr2 Efemp1
760834631	Sst Calb2 Necab1
760849029	Sst Calb2 Pdlim5
760864077	Vip Pygm C1ql1
760876441	Sst Crhr2 Efemp1
760878397	Serpinf1 Aqp5 Vip
760881798	Vip Chat Htr1f
760890074	Vip Chat Htr1f
760893046	Sst Rxfp1 Prdm8
760959964	Vip Pygm C1ql1
760961855	Sst Calb2 Pdlim5
760965714	Vip Col15a1 Pde1a
760972305	Sst Calb2 Pdlim5
760981484	Sst Hpse Cbln4
760987165	Pvalb Sema3e Kank4
760988294	Sncg Vip Nptx2
760995273	Sst Calb2 Pdlim5
760995868	Sst Hpse Cbln4
761297232	Vip Ptprt Pkp2
761301546	Vip Ptprt Pkp2
761344520	Pvalb Reln Itm2a
761344650	Vip Lmo1 Myl1
761409397	Lamp5 Lsp1
761429710	Pvalb Reln Itm2a
761489652	Vip Pygm C1ql1
761503108	Vip Crispld2 Kcne4
761516369	Vip Crispld2 Htr2c
761516658	Vip Chat Htr1f
761743293	Vip Arhgap36 Hmcn1
761753472	Vip Pygm C1ql1
761758704	Vip Pygm C1ql1
761768675	Vip Ptprt Pkp2
761791119	Vip Crispld2 Kcne4
761820827	Vip Lmo1 Myl1
761822060	Vip Crispld2 Htr2c
761832372	Vip Crispld2 Kcne4
761835389	Pvalb Sema3e Kank4
761839460	Vip Crispld2 Htr2c
761841088	Vip Rspo1 Itga4
762464168	Vip Rspo4 Rxfp1 Chat
762559364	Vip Chat Htr1f
762584189	Pvalb Reln Itm2a
762590075	Pvalb Tpbg
762615287	Vip Crispld2 Kcne4
762652214	Pvalb Reln Itm2a
762670171	Pvalb Sema3e Kank4
762675897	Vip Chat Htr1f
762696382	Vip Crispld2 Kcne4
762712937	Vip Crispld2 Htr2c
762725682	Vip Crispld2 Htr2c
762731524	Pvalb Reln Itm2a
762742145	Pvalb Reln Itm2a
762766803	Pvalb Sema3e Kank4
763014609	Pvalb Reln Itm2a
763025133	Pvalb Akr1c18 Ntf3
763025510	Pvalb Tpbg
763096792	Pvalb Tpbg
763125551	Pvalb Reln Itm2a
763137261	Pvalb Sema3e Kank4
763148777	Pvalb Reln Itm2a
763371551	Pvalb Akr1c18 Ntf3
763375688	Pvalb Akr1c18 Ntf3
763378303	Pvalb Gpr149 Islr
763383591	Pvalb Sema3e Kank4
763384222	Pvalb Tpbg
763855721	Pvalb Sema3e Kank4
763912380	Sncg Gpr50
763952780	Vip Lect1 Oxtr
763970935	Sst Calb2 Pdlim5
763983645	Vip Ptprt Pkp2
764013030	Sst Hpse Cbln4
764040865	Sst Rxfp1 Prdm8
764341238	Lamp5 Fam19a1 Pax6
764376780	Vip Pygm C1ql1
764391439	Lamp5 Plch2 Dock5
764464218	Lamp5 Ntn1 Npy2r
764479836	Lamp5 Lsp1
764484965	Lamp5 Lsp1
764500049	Lamp5 Lsp1
764506604	Sst Esm1
764726542	Pvalb Reln Itm2a
764734091	Pvalb Gpr149 Islr
764744086	Pvalb Sema3e Kank4
764748151	Pvalb Reln Itm2a
764753738	Pvalb Reln Itm2a
764782286	Sst Tac2 Tacstd2
764796693	Pvalb Reln Itm2a
764872932	Pvalb Tpbg
764879591	Vip Chat Htr1f
764890762	Pvalb Sema3e Kank4
764896381	Lamp5 Ntn1 Npy2r
764897253	Lamp5 Plch2 Dock5
764898234	Lamp5 Plch2 Dock5
764899841	Lamp5 Plch2 Dock5
764899933	Lamp5 Lsp1
764901187	Lamp5 Plch2 Dock5
764901694	Lamp5 Lsp1
764902707	Lamp5 Lsp1
764916581	Lamp5 Plch2 Dock5
764922670	Sst Myh8 Fibin
764922700	Sncg Vip Nptx2
765143388	Lamp5 Plch2 Dock5
765888079	Pvalb Reln Itm2a
765891067	Pvalb Reln Itm2a
765921766	Pvalb Sema3e Kank4
766026327	Pvalb Tpbg
766049138	Lamp5 Fam19a1 Tmem182
766068893	Lamp5 Lsp1
766088528	Pvalb Reln Itm2a
766097293	Pvalb Reln Tac1
766121807	Pvalb Reln Itm2a
766186881	Sncg Vip Itih5
766186948	Pvalb Tpbg
766557154	Sst Mme Fam114a1
766625082	Sst Rxfp1 Prdm8
766628006	Sst Tac2 Tacstd2
766650329	Sst Esm1
766680349	Sst Chodl
766689751	Vip Lmo1 Myl1
766751371	Vip Lmo1 Fam159b
766752186	Vip Arhgap36 Hmcn1
766752788	Sst Chodl
766756729	Lamp5 Lhx6
766764831	Lamp5 Lhx6
766764888	Sst Chodl
766769735	Sst Chodl
766774177	Pvalb Tpbg
766774703	Lamp5 Lsp1
767251829	Vip Arhgap36 Hmcn1
767349958	Sst Chodl
767356004	Lamp5 Lhx6
768728384	Sst Esm1
768796864	Sst Crhr2 Efemp1
769462681	Sst Chrna2 Glra3
769472672	Sst Esm1
769765483	Sst Chodl
769765549	Pvalb Reln Itm2a
769772476	Sst Hpse Cbln4
769954422	Pvalb Sema3e Kank4
769973864	Sst Esm1
769988665	Pvalb Reln Itm2a
770216620	Sst Hpse Cbln4
770237944	Sst Chodl
770238836	Sst Nr2f2 Necab1
770249470	Sst Crhr2 Efemp1
770249517	Sst Calb2 Pdlim5
770249559	Sst Tac2 Tacstd2
771934792	Sst Hpse Cbln4
772000472	Pvalb Tpbg
772000727	Sst Rxfp1 Prdm8
772121959	Sst Rxfp1 Prdm8
772129772	Sst Tac2 Tacstd2
772506111	Sst Calb2 Pdlim5
772517332	Pvalb Sema3e Kank4
772552941	Sst Calb2 Pdlim5
772635359	Pvalb Gpr149 Islr
772685363	Sst Calb2 Pdlim5
772690576	Pvalb Calb1 Sst
772726951	Sst Calb2 Pdlim5
772735561	Sst Calb2 Pdlim5
777294823	Sst Chodl
777371867	Sst Chodl
777422846	Sst Chodl
777440724	Sst Chodl
778144459	Sst Chodl
778223898	Vip Ptprt Pkp2
778283999	Sst Nts
778291711	Pvalb Tpbg
778301240	Pvalb Gabrg1
778302965	Sst Rxfp1 Eya1
778308599	Pvalb Gabrg1
778316952	Sst Nts
778327002	Vip Pygm C1ql1
778336832	Vip Ptprt Pkp2
779693640	Sst Calb2 Pdlim5
779708399	Sst Hpse Cbln4
779763127	Sst Calb2 Pdlim5
779776785	Sst Esm1
779801880	Sst Esm1
779857432	Sst Rxfp1 Eya1
779879349	Sst Calb2 Pdlim5
779979799	Vip Crispld2 Htr2c
779996941	Vip Lmo1 Fam159b
780001526	Vip Crispld2 Kcne4
780001568	Vip Pygm C1ql1
780026116	Vip Lmo1 Fam159b
780471440	Vip Chat Htr1f
780578676	Vip Lmo1 Fam159b
780692067	Sst Rxfp1 Prdm8
785991050	Sst Chodl
786024665	Sst Nr2f2 Necab1
786024946	Sst Crhr2 Efemp1
786135798	Sst Chodl
786176775	Sst Chodl
786228558	Pvalb Reln Itm2a
786251343	Sst Nts
786300913	Pvalb Akr1c18 Ntf3
786406570	Pvalb Tpbg
787228351	Sst Chodl
787248677	Sst Chodl
787261865	Sst Chodl
787280073	Pvalb Reln Itm2a
787961013	Sst Esm1
788256204	Lamp5 Plch2 Dock5
788272042	Sst Esm1
788272115	Sst Calb2 Pdlim5
788296224	Sst Calb2 Pdlim5
788325766	Sst Hpse Cbln4
788325819	Sst Calb2 Pdlim5
788349250	Lamp5 Plch2 Dock5
788418848	Lamp5 Ntn1 Npy2r
788939482	Sst Rxfp1 Prdm8
789179519	Vip Ptprt Pkp2
792553279	Pvalb Reln Tac1
792728913	Sst Hpse Cbln4
792729067	Vip Chat Htr1f
794802318	Sst Calb2 Pdlim5
794812190	Sst Calb2 Pdlim5
794825421	Sst Hpse Sema3c
794843709	Sst Calb2 Pdlim5
794865067	Sst Hpse Cbln4
794870097	Sst Hpse Cbln4
794937757	Sst Hpse Cbln4
794940971	Sst Esm1
794948976	Sst Calb2 Pdlim5
795506764	Sst Calb2 Necab1
795530674	Sst Esm1
795572082	Sst Crhr2 Efemp1
795608159	Sst Esm1
795684301	Sst Rxfp1 Prdm8
795749753	Sst Rxfp1 Prdm8
795758408	Sst Rxfp1 Prdm8
795786328	Sst Hpse Cbln4
795786452	Sst Calb2 Pdlim5
795818519	Sst Rxfp1 Prdm8
795833727	Sst Rxfp1 Eya1
795844214	Sst Nts
795865710	Pvalb Gpr149 Islr
795870832	Sst Esm1
796636728	Vip Crispld2 Htr2c
796666943	Vip Chat Htr1f
796696066	Vip Crispld2 Kcne4
796696588	Vip Chat Htr1f
796919010	Sncg Vip Itih5
796950055	Vip Lmo1 Myl1
797019459	Pvalb Tpbg
797055346	Vip Lect1 Oxtr
797061939	Vip Crispld2 Kcne4
797062169	Lamp5 Lsp1
797113792	Lamp5 Lsp1
797153425	Lamp5 Plch2 Dock5
797571819	Vip Ptprt Pkp2
797652145	Vip Ptprt Pkp2
797664123	Vip Chat Htr1f
797680651	Vip Chat Htr1f
797722932	Vip Crispld2 Kcne4
797740330	Vip Arhgap36 Hmcn1
797748111	Vip Rspo4 Rxfp1 Chat
799776604	Sncg Vip Nptx2
799782164	Sncg Vip Itih5
799826452	Sncg Vip Itih5
799851179	Sncg Vip Itih5
800227438	Vip Crispld2 Kcne4
800233598	Vip Chat Htr1f
800238310	Vip Crispld2 Kcne4
800245677	Vip Lmo1 Fam159b
800276204	Vip Col15a1 Pde1a
800285940	Sncg Vip Itih5
800315854	Serpinf1 Aqp5 Vip
802403087	Vip Crispld2 Kcne4
802404053	Vip Col15a1 Pde1a
802987298	Vip Crispld2 Kcne4
802993865	Vip Pygm C1ql1
803312598	Vip Lmo1 Myl1
803384938	Sst Calb2 Pdlim5
803417493	Sst Rxfp1 Prdm8
803439725	Sst Crhr2 Efemp1
803462597	Sst Rxfp1 Prdm8
803569205	Vip Chat Htr1f
803577676	Vip Lmo1 Myl1
803582166	Vip Chat Htr1f
803582322	Pvalb Reln Itm2a
803591738	Vip Igfbp4 Mab21l1
803599821	Vip Lmo1 Myl1
803603965	Sst Rxfp1 Prdm8
803616943	Sst Calb2 Pdlim5
803620243	Sst Calb2 Pdlim5
804780573	Sst Rxfp1 Prdm8
804817611	Sst Calb2 Pdlim5
804838579	Sst Esm1
804847087	Sst Hpse Cbln4
804902647	Sst Chodl
804957376	Sst Rxfp1 Prdm8
804968066	Sst Hpse Cbln4
804977021	Vip Ptprt Pkp2
804977071	Vip Ptprt Pkp2
805486350	Sst Tac1 Htr1d
805508553	Pvalb Reln Itm2a
805516815	Sst Crhr2 Efemp1
805522589	Sst Hpse Cbln4
805548370	Sst Hpse Cbln4
805548626	Sst Crhr2 Efemp1
805584825	Sst Calb2 Pdlim5
805587743	Vip Crispld2 Kcne4
805589713	Sst Hpse Sema3c
805625255	Sst Hpse Cbln4
805633762	Sst Hpse Cbln4
805636186	Sst Rxfp1 Prdm8
805639828	Sst Crhr2 Efemp1
805641992	Sst Crh 4930553C11Rik 
805642715	Sst Hpse Cbln4
805644302	Sst Calb2 Pdlim5
805657479	Sst Crhr2 Efemp1
805657520	Vip Lmo1 Fam159b
805672040	Vip Arhgap36 Hmcn1
805697399	Vip Lmo1 Myl1
806725741	Sst Rxfp1 Eya1
806821103	Sst Crh 4930553C11Rik 
806821846	Pvalb Tpbg
806822616	Sst Calb2 Pdlim5
806828813	Pvalb Reln Itm2a
806835868	Pvalb Reln Itm2a
806842472	Pvalb Sema3e Kank4
806844075	Pvalb Gabrg1
806853844	Sst Tac2 Tacstd2
807563351	Vip Igfbp4 Mab21l1
807633551	Sst Myh8 Fibin
808279213	Sst Esm1
808285808	Sst Rxfp1 Eya1
808293710	Sst Rxfp1 Eya1
808336603	Sst Rxfp1 Eya1
808402099	Pvalb Reln Itm2a
808416685	Sst Rxfp1 Prdm8
808418178	Pvalb Reln Itm2a
808445433	Pvalb Reln Itm2a
808475329	Pvalb Reln Itm2a
808479620	Pvalb Reln Itm2a
808486121	Sst Esm1
808529175	Sst Chodl
808535692	Sst Esm1
808547003	Sst Rxfp1 Eya1
808547132	Sst Crhr2 Efemp1
808824183	Sst Tac2 Tacstd2
808846919	Sst Esm1
808859562	Sst Chodl
808867430	Pvalb Tpbg
808875776	Sst Hpse Sema3c
808882292	Sst Esm1
808916170	Sst Esm1
808972734	Pvalb Sema3e Kank4
809006343	Pvalb Tpbg
809034199	Pvalb Reln Itm2a
809088673	Sst Rxfp1 Eya1
809091190	Pvalb Sema3e Kank4
809102827	Sst Chodl
809105260	Pvalb Vipr2
809106828	Sst Hpse Cbln4
809113087	Sst Nr2f2 Necab1
809113130	Pvalb Tpbg
809332492	Sst Hpse Cbln4
809338969	Sst Calb2 Pdlim5
809636700	Pvalb Reln Itm2a
809649556	Pvalb Tpbg
809656263	Pvalb Reln Itm2a
809668298	Pvalb Sema3e Kank4
809668930	Pvalb Sema3e Kank4
809688289	Vip Crispld2 Htr2c
809691801	Vip Chat Htr1f
809694011	Pvalb Sema3e Kank4
809694067	Vip Col15a1 Pde1a
809713682	Vip Crispld2 Kcne4
809748280	Sst Chodl
809822469	Sst Chodl
809831818	Sst Chodl
809857148	Vip Crispld2 Htr2c
809876626	Sst Chodl
810306964	Sst Rxfp1 Eya1
810317285	Sst Tac2 Tacstd2
810354686	Sst Rxfp1 Eya1
810361274	Sst Tac2 Tacstd2
810416056	Sst Tac2 Tacstd2
810463363	Sst Esm1
810500014	Pvalb Tpbg
810585028	Pvalb Gpr149 Islr
810589631	Pvalb Reln Itm2a
810617353	Vip Chat Htr1f
810617546	Vip Crispld2 Kcne4
810634557	Vip Lmo1 Myl1
811699569	Vip Ptprt Pkp2
812919277	Vip Pygm C1ql1
812935883	Vip Chat Htr1f
812945358	Vip Lmo1 Myl1
812951286	Vip Ptprt Pkp2
812962736	Vip Lect1 Oxtr
812986845	Sst Hpse Cbln4
812989401	Lamp5 Lsp1
812991568	Pvalb Tpbg
812996960	Sst Mme Fam114a1
813000460	Lamp5 Lsp1
813001473	Pvalb Reln Itm2a
813380366	Vip Pygm C1ql1
813427107	Vip Crispld2 Kcne4
813441106	Vip Crispld2 Kcne4
813448230	Vip Crispld2 Kcne4
813489616	Vip Pygm C1ql1
813500978	Serpinf1 Aqp5 Vip
815367809	Sst Tac2 Tacstd2
815377185	Sst Tac2 Tacstd2
815417125	Sst Rxfp1 Prdm8
815423883	Sst Rxfp1 Eya1
815437322	Sst Rxfp1 Prdm8
815462585	Sst Rxfp1 Eya1
815474594	Sst Rxfp1 Prdm8
815506078	Sst Rxfp1 Prdm8
815515673	Sst Crh 4930553C11Rik 
815520852	Sst Crh 4930553C11Rik 
815549357	Sst Rxfp1 Prdm8
815553140	Sst Chodl
815559133	Pvalb Reln Itm2a
815566902	Pvalb Sema3e Kank4
815568639	Sst Esm1
815576447	Pvalb Tpbg
815971588	Sst Esm1
816012073	Sst Rxfp1 Eya1
816019895	Sst Tac2 Tacstd2
816020342	Sst Rxfp1 Eya1
816095253	Sst Rxfp1 Eya1
816314375	Sst Chodl
816324631	Sst Chodl
816370714	Sst Chodl
816407580	Sst Chodl
816412799	Sst Chodl
816434177	Sst Chodl
816480728	Sst Calb2 Pdlim5
817204569	Sst Esm1
817935092	Pvalb Reln Tac1
817957562	Pvalb Sema3e Kank4
817957684	Pvalb Tpbg
817999859	Pvalb Akr1c18 Ntf3
818003838	Pvalb Tpbg
818757727	Pvalb Tpbg
818792182	Pvalb Reln Itm2a
818811232	Pvalb Sema3e Kank4
820693888	Pvalb Reln Itm2a
820747811	Pvalb Reln Itm2a
820754704	Sst Tac1 Htr1d
820815161	Pvalb Sema3e Kank4
820862134	Pvalb Reln Itm2a
820897104	Pvalb Reln Tac1
821563005	Pvalb Akr1c18 Ntf3
821652024	Lamp5 Plch2 Dock5
821771315	Sst Chrna2 Glra3
821774757	Sst Nr2f2 Necab1
821863866	Sst Tac2 Tacstd2
821907565	Pvalb Reln Itm2a
821917200	Pvalb Tpbg
823236692	Pvalb Reln Itm2a
823261804	Pvalb Tpbg
823281815	Pvalb Gpr149 Islr
823290814	Pvalb Reln Itm2a
823580102	Pvalb Reln Itm2a
823594655	Pvalb Tpbg
823603037	Pvalb Tpbg
823609338	Pvalb Tpbg
823658063	Pvalb Reln Itm2a
823681740	Lamp5 Lsp1
823702943	Pvalb Vipr2
823719680	Lamp5 Ntn1 Npy2r
823745688	Lamp5 Ntn1 Npy2r
823830483	Pvalb Reln Itm2a
823833593	Pvalb Akr1c18 Ntf3
823835246	Pvalb Reln Itm2a
823857965	Pvalb Reln Itm2a
823868835	Pvalb Sema3e Kank4
823889517	Lamp5 Ntn1 Npy2r
823900315	Pvalb Reln Itm2a
823907738	Lamp5 Ntn1 Npy2r
823960949	Pvalb Reln Itm2a
823968176	Lamp5 Ntn1 Npy2r
823998912	Pvalb Gpr149 Islr
824015947	Pvalb Sema3e Kank4
824701767	Lamp5 Lsp1
824756017	Vip Crispld2 Kcne4
824800372	Sst Rxfp1 Prdm8
824840538	Lamp5 Lsp1
824867588	Vip Gpc3 Slc18a3
824893459	Vip Crispld2 Htr2c
825221851	Pvalb Sema3e Kank4
825222283	Pvalb Sema3e Kank4
825269133	Pvalb Gpr149 Islr
825269328	Pvalb Tpbg
825296663	Pvalb Reln Itm2a
825296874	Sst Rxfp1 Eya1
825332009	Pvalb Sema3e Kank4
825522397	Lamp5 Plch2 Dock5
825525063	Lamp5 Plch2 Dock5
825525155	Lamp5 Plch2 Dock5
825533924	Vip Igfbp6 Car10
825534003	Lamp5 Plch2 Dock5
825549510	Lamp5 Plch2 Dock5
825552023	Pvalb Sema3e Kank4
825555145	Sst Nts
825563029	Vip Ptprt Pkp2
825563578	Sst Calb2 Pdlim5
825567515	Pvalb Reln Itm2a
826710259	Lamp5 Plch2 Dock5
826712572	Lamp5 Plch2 Dock5
826739825	Lamp5 Plch2 Dock5
827347629	Lamp5 Plch2 Dock5
827447865	Lamp5 Plch2 Dock5
827448258	Lamp5 Plch2 Dock5
827503672	Lamp5 Lsp1
827524052	Lamp5 Ntn1 Npy2r
827573535	Lamp5 Plch2 Dock5
828677984	Pvalb Reln Itm2a
828684036	Pvalb Reln Itm2a
828707565	Sncg Vip Nptx2
828727693	Lamp5 Ntn1 Npy2r
828754697	Vip Gpc3 Slc18a3
828778207	Lamp5 Plch2 Dock5
828803869	Lamp5 Lsp1
828817220	Vip Lmo1 Myl1
828832398	Pvalb Sema3e Kank4
828839040	Pvalb Reln Tac1
828847827	Pvalb Reln Itm2a
829170676	Pvalb Vipr2
829185764	Vip Lmo1 Myl1
829195312	Vip Crispld2 Htr2c
829198133	Vip Crispld2 Kcne4
829264801	Pvalb Reln Itm2a
829268810	Pvalb Reln Tac1
829283610	Pvalb Tpbg
830334248	Pvalb Akr1c18 Ntf3
830348538	Pvalb Gabrg1
830358028	Pvalb Akr1c18 Ntf3
830396905	Pvalb Gabrg1
830434392	Sncg Gpr50
830445742	Pvalb Reln Tac1
830467557	Pvalb Akr1c18 Ntf3
830850371	Pvalb Gabrg1
830927118	Pvalb Th Sst
830931279	Vip Crispld2 Kcne4
830931428	Pvalb Gabrg1
830959542	Vip Pygm C1ql1
831008218	Pvalb Akr1c18 Ntf3
831094628	Vip Ptprt Pkp2
831129668	Vip Ptprt Pkp2
831163881	Sst Tac2 Tacstd2
831179799	Vip Lmo1 Myl1
831201867	Vip Crispld2 Kcne4
832005570	Lamp5 Ntn1 Npy2r
832007471	Sst Rxfp1 Prdm8
832036433	Sst Rxfp1 Prdm8
832061658	Sst Nts
832070039	Sst Rxfp1 Prdm8
832365760	Pvalb Reln Itm2a
832378612	Pvalb Sema3e Kank4
833876785	Vip Pygm C1ql1
834050047	Lamp5 Plch2 Dock5
834073873	Lamp5 Lsp1
834086445	Sst Tac2 Tacstd2
834099738	Sncg Vip Itih5
834160937	Lamp5 Lsp1
834464214	Pvalb Tpbg
834552438	Sst Hpse Cbln4
834588446	Sst Hpse Sema3c
834602368	Sst Nr2f2 Necab1
834677809	Sst Hpse Cbln4
834690682	Sst Calb2 Pdlim5
834703384	Sst Chodl
834784320	Sst Chodl
834814319	Sst Chodl
836457236	Pvalb Reln Itm2a
836529968	Pvalb Tpbg
836583770	Pvalb Sema3e Kank4
836584127	Pvalb Tpbg
836592858	Pvalb Reln Itm2a
836612484	Pvalb Reln Itm2a
836796620	Sst Esm1
836820758	Sst Esm1
836823355	Sst Esm1
836837280	Vip Ptprt Pkp2
836844418	Vip Pygm C1ql1
837064282	Pvalb Reln Tac1
837072861	Pvalb Tpbg
837080471	Pvalb Reln Itm2a
837084094	Pvalb Reln Itm2a
837095993	Pvalb Akr1c18 Ntf3
837115961	Pvalb Reln Itm2a
837121769	Pvalb Akr1c18 Ntf3
837127659	Pvalb Reln Itm2a
837141835	Pvalb Tpbg
837207669	Sst Esm1
837212120	Pvalb Th Sst
837212696	Sst Crhr2 Efemp1
837220561	Sst Esm1
837221885	Sst Hpse Cbln4
837560603	Pvalb Tpbg
837578188	Pvalb Reln Itm2a
837594867	Pvalb Reln Itm2a
837641396	Sst Nts
837661310	Sst Tac2 Tacstd2
837661901	Sst Esm1
837664866	Sst Crhr2 Efemp1
837672173	Sst Esm1
838313088	Sst Chodl
838350383	Sst Chodl
838370571	Sst Chodl
838401817	Sst Chodl
838434691	Sst Chodl
838515407	Sst Tac2 Tacstd2
838639200	Sst Crh 4930553C11Rik 
838643565	Sst Tac2 Tacstd2
838683930	Sst Tac2 Tacstd2
839101611	Sst Rxfp1 Eya1
839118679	Sst Crhr2 Efemp1
839118825	Sst Hpse Sema3c
839218629	Sst Hpse Cbln4
839220920	Sst Rxfp1 Eya1
839236393	Sst Calb2 Pdlim5
839288464	Sst Rxfp1 Prdm8
839513135	Sst Mme Fam114a1
839522809	Sst Rxfp1 Prdm8
839524416	Sst Hpse Cbln4
839527672	Sst Calb2 Pdlim5
839530923	Sst Crhr2 Efemp1
839532478	Sst Crhr2 Efemp1
839537924	Sst Crhr2 Efemp1
839571159	Sst Esm1
839571200	Sst Rxfp1 Eya1
839580927	Sst Crhr2 Efemp1
841185744	Vip Col15a1 Pde1a
841205595	Vip Crispld2 Htr2c
841244826	Vip Crispld2 Kcne4
841405403	Sst Calb2 Pdlim5
841405527	Sst Calb2 Pdlim5
841718359	Sst Calb2 Pdlim5
841746820	Sst Calb2 Pdlim5
841750950	Sst Calb2 Pdlim5
841765437	Sst Calb2 Pdlim5
841770570	Sst Calb2 Pdlim5
841834394	Sst Calb2 Necab1
842157658	Sst Chodl
842721522	Sst Chodl
842727624	Sst Crhr2 Efemp1
842766700	Sst Chodl
842796508	Sst Chodl
842834131	Sst Calb2 Pdlim5
842835342	Sst Calb2 Pdlim5
842841654	Sst Calb2 Necab1
842844583	Sst Calb2 Pdlim5
842904923	Pvalb Reln Itm2a
843224344	Sst Chodl
843276148	Sst Calb2 Pdlim5
843320265	Sst Chodl
843330061	Sst Chodl
843366621	Sst Chodl
843377362	Sst Chodl
843390051	Pvalb Reln Itm2a
843400687	Pvalb Sema3e Kank4
843406814	Pvalb Reln Itm2a
843407967	Pvalb Tpbg
844069975	Vip Pygm C1ql1
844104102	Vip Crispld2 Kcne4
844231938	Lamp5 Plch2 Dock5
844232846	Lamp5 Plch2 Dock5
844242654	Lamp5 Ntn1 Npy2r
844254029	Lamp5 Lsp1
844269667	Lamp5 Lsp1
844282161	Lamp5 Ntn1 Npy2r
844299535	Pvalb Reln Itm2a
844649825	Sst Rxfp1 Eya1
844737229	Sst Rxfp1 Eya1
844757902	Sst Tac1 Htr1d
844766827	Sst Rxfp1 Eya1
844806161	Vip Pygm C1ql1
844823616	Vip Crispld2 Htr2c
844828603	Sst Tac2 Tacstd2
844845510	Vip Ptprt Pkp2
844870606	Vip Pygm C1ql1
844875592	Vip Lmo1 Myl1
844908436	Vip Chat Htr1f
844919153	Vip Arhgap36 Hmcn1
844929176	Sst Rxfp1 Eya1
844931163	Vip Lmo1 Myl1
844951859	Sst Esm1
844962386	Sst Rxfp1 Eya1
844962435	Sst Rxfp1 Prdm8
844963434	Sst Rxfp1 Eya1
844965212	Sst Rxfp1 Prdm8
844979959	Pvalb Sema3e Kank4
845462507	Pvalb Reln Itm2a
845578646	Pvalb Sema3e Kank4
845584320	Pvalb Reln Itm2a
845586342	Lamp5 Plch2 Dock5
845631631	Pvalb Sema3e Kank4
846741456	Sst Esm1
846750247	Sst Rxfp1 Eya1
846791401	Sst Tac2 Tacstd2
846830517	Sst Esm1
846902552	Sst Rxfp1 Eya1
846918564	Sst Tac2 Tacstd2
846938194	Sst Rxfp1 Eya1
847045291	Sst Rxfp1 Prdm8
847070535	Sst Esm1
847077193	Sst Calb2 Pdlim5
847083836	Sst Calb2 Pdlim5
847087757	Sst Calb2 Necab1
847087797	Pvalb Sema3e Kank4
847731579	Sst Hpse Cbln4
847741240	Sst Tac1 Htr1d
847755806	Sst Rxfp1 Prdm8
847780734	Sst Rxfp1 Prdm8
847792560	Sst Hpse Cbln4
848278944	Sst Hpse Cbln4
848279397	Sst Hpse Sema3c
848303073	Sst Tac2 Tacstd2
848334636	Sst Hpse Cbln4
848594999	Pvalb Th Sst
848599640	Sst Nts
848617769	Sst Nts
848635223	Lamp5 Lsp1
848639578	Sst Calb2 Pdlim5
849535368	Sst Esm1
849592508	Sst Esm1
849595147	Sst Crhr2 Efemp1
849607081	Sst Calb2 Pdlim5
849607183	Sst Hpse Sema3c
849624777	Sst Hpse Cbln4
850790138	Sst Crhr2 Efemp1
850845099	Sst Calb2 Pdlim5
850845697	Sst Esm1
850872104	Sst Hpse Sema3c
850885484	Sst Esm1
850990055	Lamp5 Lsp1
850993746	Vip Col15a1 Pde1a
851016910	Sst Hpse Cbln4
851816011	Pvalb Sema3e Kank4
851887346	Sst Crh 4930553C11Rik 
852202575	Pvalb Reln Itm2a
852236180	Pvalb Reln Itm2a
852368397	Sst Hpse Cbln4
852435403	Pvalb Sema3e Kank4
853863910	Pvalb Sema3e Kank4
853882442	Pvalb Akr1c18 Ntf3
853900835	Pvalb Akr1c18 Ntf3
854359267	Sncg Vip Nptx2
854401571	Sncg Vip Itih5
854418891	Sncg Vip Nptx2
855275163	Lamp5 Krt73
855290546	Sncg Vip Itih5
855357345	Sncg Vip Nptx2
855401446	Sncg Slc17a8
855431538	Vip Col15a1 Pde1a
855448972	Sncg Vip Itih5
855469447	Sncg Gpr50
855488203	Sncg Vip Itih5
855499924	Sncg Vip Itih5
855538766	Sncg Vip Itih5
855550739	Sncg Vip Itih5
855782996	Sncg Gpr50
855791035	Sncg Vip Nptx2
855798106	Sncg Vip Nptx2
855823375	Sncg Vip Itih5
855946205	Sncg Vip Itih5
855962521	Vip Col15a1 Pde1a
855995114	Sncg Gpr50
856013011	Sncg Gpr50
856021805	Sncg Vip Itih5
856040562	Sncg Vip Itih5
856045597	Sncg Vip Itih5
857220013	Sncg Vip Itih5
857223181	Sncg Gpr50
857265386	Sncg Vip Itih5
857296784	Sncg Vip Itih5
857326083	Sncg Vip Nptx2
857332144	Sncg Gpr50
858029990	Sncg Vip Nptx2
858054077	Sncg Vip Itih5
858066116	Sncg Vip Itih5
858075806	Sncg Vip Itih5
858105502	Vip Col15a1 Pde1a
858114857	Sncg Vip Itih5
858115178	Sncg Vip Itih5
858252803	Vip Col15a1 Pde1a
858254874	Sncg Vip Itih5
858305576	Sncg Vip Itih5
858326660	Sncg Vip Itih5
858374478	Sncg Vip Itih5
858384285	Sncg Gpr50
858937670	Sncg Vip Nptx2
858966539	Sncg Vip Itih5
858981986	Sncg Vip Itih5
859034131	Sncg Slc17a8
859062972	Sncg Slc17a8
859098329	Sncg Vip Itih5
859107907	Sncg Vip Itih5
859633515	Sncg Vip Itih5
859655391	Sncg Vip Itih5
859660174	Sncg Vip Itih5
859664949	Sncg Gpr50
859767167	Sncg Vip Itih5
859811797	Sncg Vip Itih5
859943246	Sst Calb2 Pdlim5
861733930	Serpinf1 Clrn1
861736319	Sncg Vip Itih5
861740206	Sncg Vip Nptx2
861765347	Sncg Vip Nptx2
861765455	Sncg Vip Itih5
861830822	Sst Tac2 Tacstd2
861837255	Sst Calb2 Pdlim5
861855846	Sst Rxfp1 Eya1
861959876	Sst Crh 4930553C11Rik 
862412491	Sncg Vip Itih5
862449566	Sncg Gpr50
862496009	Sncg Slc17a8
862596299	Sncg Vip Itih5
863604233	Sst Esm1
863607236	Sst Chrna2 Glra3
863631899	Sst Esm1
863657415	Sst Chrna2 Ptgdr
863669822	Sst Calb2 Pdlim5
864233472	Sst Tac2 Myh4
864275253	Sst Calb2 Pdlim5
864277680	Sst Chrna2 Glra3
864291647	Sst Rxfp1 Prdm8
864296008	Sst Calb2 Pdlim5
864314373	Sst Nts
864325951	Sst Hpse Cbln4
865521037	Sst Calb2 Pdlim5
865553957	Sst Calb2 Pdlim5
865561071	Sst Calb2 Pdlim5
865580850	Sst Esm1
865589884	Sst Tac1 Htr1d
865597654	Sst Hpse Cbln4
865603429	Sst Calb2 Pdlim5
865674978	Sst Calb2 Pdlim5
866257279	Sst Calb2 Pdlim5
866267921	Lamp5 Plch2 Dock5
866293134	Sst Calb2 Pdlim5
866307762	Lamp5 Ntn1 Npy2r
866315937	Sst Calb2 Pdlim5
866337101	Lamp5 Lsp1
866340188	Sst Calb2 Pdlim5
866355637	Sst Calb2 Pdlim5
866360548	Sst Calb2 Pdlim5
866994246	Pvalb Vipr2
866999931	Lamp5 Plch2 Dock5
867017156	Lamp5 Fam19a1 Tmem182
867027741	Lamp5 Ntn1 Npy2r
867038197	Lamp5 Ntn1 Npy2r
867096689	Lamp5 Plch2 Dock5
867130068	Lamp5 Plch2 Dock5
867147641	Sst Tac2 Myh4
869512878	Pvalb Reln Itm2a
870579773	Pvalb Tpbg
870661094	Lamp5 Lhx6
870715372	Pvalb Tpbg
870739381	Pvalb Tpbg
870795975	Pvalb Tpbg
870810949	Pvalb Tpbg
870811954	Pvalb Tpbg
870850543	Pvalb Tpbg
871015146	Pvalb Vipr2
871867923	Pvalb Reln Itm2a
871888742	Sst Tac1 Tacr3
872026690	Pvalb Akr1c18 Ntf3
872054508	Pvalb Reln Itm2a
872162438	Sst Chodl
872210735	Sst Chodl
872211286	Pvalb Gabrg1
872555611	Pvalb Vipr2
873587758	Pvalb Tpbg
873689501	Sst Crhr2 Efemp1
873712332	Sst Rxfp1 Prdm8
873848729	Sst Chodl
873854264	Sst Chodl
874321805	Pvalb Tpbg
874325086	Pvalb Tpbg
874375335	Pvalb Tpbg
874417550	Pvalb Tpbg
874471721	Lamp5 Lhx6
874892226	Pvalb Tpbg
875020601	Pvalb Sema3e Kank4
875116973	Pvalb Tpbg
875328808	Pvalb Tpbg
886257320	Pvalb Tpbg
886426499	Pvalb Gabrg1
886442617	Vip Lmo1 Myl1
886464017	Lamp5 Lsp1
886482499	Lamp5 Lsp1
886921710	Pvalb Tpbg
887048277	Pvalb Akr1c18 Ntf3
887104551	Sst Hpse Cbln4
887226062	Sst Rxfp1 Prdm8
887265813	Pvalb Reln Itm2a
887288382	Vip Chat Htr1f
888001481	Lamp5 Fam19a1 Tmem182
888080861	Lamp5 Plch2 Dock5
888108541	Lamp5 Ntn1 Npy2r
888115032	Lamp5 Ntn1 Npy2r
888214374	Lamp5 Fam19a1 Tmem182
888352025	Sst Calb2 Pdlim5
889183564	Lamp5 Ntn1 Npy2r
889235347	Lamp5 Plch2 Dock5
889266673	Lamp5 Ntn1 Npy2r
889504506	Pvalb Akr1c18 Ntf3
889537011	Pvalb Sema3e Kank4
889610568	Pvalb Sema3e Kank4
889697323	Sst Myh8 Fibin
891449886	Lamp5 Lsp1
891495976	Lamp5 Ntn1 Npy2r
891514933	Lamp5 Plch2 Dock5
891534772	Lamp5 Ntn1 Npy2r
891558548	Lamp5 Lsp1
891652412	Lamp5 Plch2 Dock5
891664096	Lamp5 Plch2 Dock5
891721942	Sst Calb2 Pdlim5
891931165	Pvalb Akr1c18 Ntf3
892393060	Pvalb Reln Itm2a
892414330	Pvalb Reln Itm2a
892421732	Pvalb Tpbg
892424416	Pvalb Sema3e Kank4
892442092	Pvalb Sema3e Kank4
892445034	Pvalb Sema3e Kank4
892472771	Pvalb Tpbg
892482796	Pvalb Reln Itm2a
892495532	Pvalb Reln Itm2a
892504707	Pvalb Reln Itm2a
892536014	Pvalb Reln Itm2a
892598316	Sst Calb2 Pdlim5
892633161	Sst Mme Fam114a1
892650783	Sncg Gpr50
892663291	Pvalb Tpbg
892681445	Pvalb Calb1 Sst
894226862	Sst Esm1
894259716	Sst Rxfp1 Prdm8
894292822	Pvalb Reln Itm2a
894308422	Pvalb Tpbg
894504852	Sst Tac2 Tacstd2
894551006	Lamp5 Lsp1
896676603	Pvalb Reln Itm2a
898697809	Vip Lmo1 Myl1
898703349	Vip Lmo1 Myl1
898709217	Vip Lmo1 Myl1
898885944	Pvalb Akr1c18 Ntf3
898973149	Vip Chat Htr1f
901138634	Sst Hpse Cbln4
901298950	Pvalb Reln Tac1
901305202	Pvalb Tpbg
901437139	Pvalb Reln Itm2a
901445875	Vip Pygm C1ql1
902244790	Pvalb Reln Itm2a
903959688	Pvalb Gpr149 Islr
904023586	Pvalb Akr1c18 Ntf3
904956425	Pvalb Sema3e Kank4
906699622	Sst Esm1
906715385	Vip Chat Htr1f
906763900	Sst Calb2 Pdlim5
906766242	Vip Pygm C1ql1
907450664	Pvalb Calb1 Sst
907474465	Pvalb Sema3e Kank4
908960935	Pvalb Sema3e Kank4
911978894	Pvalb Akr1c18 Ntf3
913871486	Sncg Gpr50
913883108	Sncg Vip Itih5
913901697	Sncg Vip Itih5
913924619	Sncg Vip Nptx2
913928092	Sncg Gpr50
913936238	Sncg Vip Itih5
914428552	Pvalb Th Sst
916642385	Lamp5 Fam19a1 Pax6
917609533	Sncg Vip Itih5
Unknown_0001	Unknown
Unknown_0002	Unknown
Unknown_0003	Unknown
Unknown_0004	Unknown
Unknown_0005	Unknown
Unknown_0006	Unknown
Unknown_0007	Unknown
Unknown_0008	Unknown
Unknown_0009	Unknown
Unknown_0010	Unknown
Unknown_0011	Unknown
Unknown_0012	Unknown
Unknown_0013	Unknown
Unknown_0014	Unknown
Unknown_0015	Unknown
Unknown_0016	Unknown
Unknown_0017	Unknown
Unknown_0018	Unknown
Unknown_0019	Unknown
Unknown_0020	Unknown
Unknown_0021	Unknown
Unknown_0022	Unknown
Unknown_0023	Unknown
Unknown_0024	Unknown
Unknown_0025	Unknown
Unknown_0026	Unknown
Unknown_0027	Unknown
Unknown_0028	Unknown
Unknown_0029	Unknown
Unknown_0030	Unknown
Unknown_0031	Unknown
Unknown_0032	Unknown
Unknown_0033	Unknown
Unknown_0034	Unknown
Unknown_0035	Unknown
Unknown_0036	Unknown
Unknown_0037	Unknown
Unknown_0038	Unknown
Unknown_0039	Unknown
Unknown_0040	Unknown
Unknown_0041	Unknown
Unknown_0042	Unknown
Unknown_0043	Unknown
Unknown_0044	Unknown
Unknown_0045	Unknown
Unknown_0046	Unknown
Unknown_0047	Unknown
Unknown_0048	Unknown
Unknown_0049	Unknown
Unknown_0050	Unknown
Unknown_0051	Unknown
Unknown_0052	Unknown
Unknown_0053	Unknown
Unknown_0054	Unknown
Unknown_0055	Unknown
Unknown_0056	Unknown
Unknown_0057	Unknown
Unknown_0058	Unknown
Unknown_0059	Unknown
Unknown_0060	Unknown
Unknown_0061	Unknown
Unknown_0062	Unknown
Unknown_0063	Unknown
Unknown_0064	Unknown
Unknown_0065	Unknown
Unknown_0066	Unknown
Unknown_0067	Unknown
Unknown_0068	Unknown
Unknown_0069	Unknown
Unknown_0070	Unknown
Unknown_0071	Unknown
Unknown_0072	Unknown
Unknown_0073	Unknown
Unknown_0074	Unknown
Unknown_0075	Unknown
Unknown_0076	Unknown
Unknown_0077	Unknown
Unknown_0078	Unknown
Unknown_0079	Unknown
Unknown_0080	Unknown
Unknown_0081	Unknown
Unknown_0082	Unknown
Unknown_0083	Unknown
Unknown_0084	Unknown
Unknown_0085	Unknown
Unknown_0086	Unknown
Unknown_0087	Unknown
Unknown_0088	Unknown
Unknown_0089	Unknown
Unknown_0090	Unknown
Unknown_0091	Unknown
Unknown_0092	Unknown
Unknown_0093	Unknown
Unknown_0094	Unknown
Unknown_0095	Unknown
Unknown_0096	Unknown
Unknown_0097	Unknown
Unknown_0098	Unknown
Unknown_0099	Unknown
Unknown_0100	Unknown
Unknown_0101	Unknown
Unknown_0102	Unknown
Unknown_0103	Unknown
Unknown_0104	Unknown
Unknown_0105	Unknown
Unknown_0106	Unknown
Unknown_0107	Unknown
Unknown_0108	Unknown
Unknown_0109	Unknown
Unknown_0110	Unknown
Unknown_0111	Unknown
Unknown_0112	Unknown
Unknown_0113	Unknown
Unknown_0114	Unknown
Unknown_0115	Unknown
Unknown_0116	Unknown
Unknown_0117	Unknown
Unknown_0118	Unknown
Unknown_0119	Unknown
Unknown_0120	Unknown
Unknown_0121	Unknown
Unknown_0122	Unknown
Unknown_0123	Unknown
Unknown_0124	Unknown
Unknown_0125	Unknown
Unknown_0126	Unknown
Unknown_0127	Unknown
Unknown_0128	Unknown
Unknown_0129	Unknown
Unknown_0130	Unknown
Unknown_0131	Unknown
Unknown_0132	Unknown
Unknown_0133	Unknown
Unknown_0134	Unknown
Unknown_0135	Unknown
Unknown_0136	Unknown
Unknown_0137	Unknown
Unknown_0138	Unknown
Unknown_0139	Unknown
Unknown_0140	Unknown
Unknown_0141	Unknown
Unknown_0142	Unknown
Unknown_0143	Unknown
Unknown_0144	Unknown
Unknown_0145	Unknown
Unknown_0146	Unknown
Unknown_0147	Unknown
Unknown_0148	Unknown
Unknown_0149	Unknown
Unknown_0150	Unknown
Unknown_0151	Unknown
Unknown_0152	Unknown
Unknown_0153	Unknown
Unknown_0154	Unknown
Unknown_0155	Unknown
Unknown_0156	Unknown
Unknown_0157	Unknown
Unknown_0158	Unknown
Unknown_0159	Unknown
Unknown_0160	Unknown
Unknown_0161	Unknown
Unknown_0162	Unknown
Unknown_0163	Unknown
Unknown_0164	Unknown
Unknown_0165	Unknown
Unknown_0166	Unknown
Unknown_0167	Unknown
Unknown_0168	Unknown
Unknown_0169	Unknown
Unknown_0170	Unknown
Unknown_0171	Unknown
Unknown_0172	Unknown
Unknown_0173	Unknown
Unknown_0174	Unknown
Unknown_0175	Unknown
Unknown_0176	Unknown
Unknown_0177	Unknown
Unknown_0178	Unknown
Unknown_0179	Unknown
Unknown_0180	Unknown
Unknown_0181	Unknown
Unknown_0182	Unknown
Unknown_0183	Unknown
Unknown_0184	Unknown
Unknown_0185	Unknown
Unknown_0186	Unknown
Unknown_0187	Unknown
Unknown_0188	Unknown
Unknown_0189	Unknown
Unknown_0190	Unknown
Unknown_0191	Unknown
Unknown_0192	Unknown
Unknown_0193	Unknown
Unknown_0194	Unknown
Unknown_0195	Unknown
Unknown_0196	Unknown
Unknown_0197	Unknown
Unknown_0198	Unknown
Unknown_0199	Unknown
Unknown_0200	Unknown
Unknown_0201	Unknown
Unknown_0202	Unknown
Unknown_0203	Unknown
Unknown_0204	Unknown
Unknown_0205	Unknown
Unknown_0206	Unknown
Unknown_0207	Unknown
Unknown_0208	Unknown
Unknown_0209	Unknown
Unknown_0210	Unknown
Unknown_0211	Unknown
Unknown_0212	Unknown
Unknown_0213	Unknown
Unknown_0214	Unknown
Unknown_0215	Unknown
Unknown_0216	Unknown
Unknown_0217	Unknown
Unknown_0218	Unknown
Unknown_0219	Unknown
Unknown_0220	Unknown
Unknown_0221	Unknown
Unknown_0222	Unknown
Unknown_0223	Unknown
Unknown_0224	Unknown
Unknown_0225	Unknown
Unknown_0226	Unknown
Unknown_0227	Unknown
Unknown_0228	Unknown
Unknown_0229	Unknown
Unknown_0230	Unknown
Unknown_0231	Unknown
Unknown_0232	Unknown
Unknown_0233	Unknown
Unknown_0234	Unknown
Unknown_0235	Unknown
Unknown_0236	Unknown
Unknown_0237	Unknown
Unknown_0238	Unknown
Unknown_0239	Unknown
Unknown_0240	Unknown
Unknown_0241	Unknown
Unknown_0242	Unknown
Unknown_0243	Unknown
Unknown_0244	Unknown
Unknown_0245	Unknown
Unknown_0246	Unknown
Unknown_0247	Unknown
Unknown_0248	Unknown
Unknown_0249	Unknown
Unknown_0250	Unknown
Unknown_0251	Unknown
Unknown_0252	Unknown
Unknown_0253	Unknown
Unknown_0254	Unknown
Unknown_0255	Unknown
Unknown_0256	Unknown
Unknown_0257	Unknown
Unknown_0258	Unknown
Unknown_0259	Unknown
Unknown_0260	Unknown
Unknown_0261	Unknown
Unknown_0262	Unknown
Unknown_0263	Unknown
Unknown_0264	Unknown
Unknown_0265	Unknown
Unknown_0266	Unknown
Unknown_0267	Unknown
Unknown_0268	Unknown
Unknown_0269	Unknown
Unknown_0270	Unknown
Unknown_0271	Unknown
Unknown_0272	Unknown
Unknown_0273	Unknown
Unknown_0274	Unknown
Unknown_0275	Unknown
Unknown_0276	Unknown
Unknown_0277	Unknown
Unknown_0278	Unknown
Unknown_0279	Unknown
Unknown_0280	Unknown
Unknown_0281	Unknown
Unknown_0282	Unknown
Unknown_0283	Unknown
Unknown_0284	Unknown
Unknown_0285	Unknown
Unknown_0286	Unknown
Unknown_0287	Unknown
Unknown_0288	Unknown
Unknown_0289	Unknown
Unknown_0290	Unknown
Unknown_0291	Unknown
Unknown_0292	Unknown
Unknown_0293	Unknown
Unknown_0294	Unknown
Unknown_0295	Unknown
Unknown_0296	Unknown
Unknown_0297	Unknown
Unknown_0298	Unknown
Unknown_0299	Unknown
Unknown_0300	Unknown
Unknown_0301	Unknown
Unknown_0302	Unknown
Unknown_0303	Unknown
Unknown_0304	Unknown
Unknown_0305	Unknown
Unknown_0306	Unknown
Unknown_0307	Unknown
Unknown_0308	Unknown
Unknown_0309	Unknown
Unknown_0310	Unknown
Unknown_0311	Unknown
Unknown_0312	Unknown
Unknown_0313	Unknown
Unknown_0314	Unknown
Unknown_0315	Unknown
Unknown_0316	Unknown
Unknown_0317	Unknown
Unknown_0318	Unknown
Unknown_0319	Unknown
Unknown_0320	Unknown
Unknown_0321	Unknown
Unknown_0322	Unknown
Unknown_0323	Unknown
Unknown_0324	Unknown
Unknown_0325	Unknown
Unknown_0326	Unknown
Unknown_0327	Unknown
Unknown_0328	Unknown
Unknown_0329	Unknown
Unknown_0330	Unknown
Unknown_0331	Unknown
Unknown_0332	Unknown
Unknown_0333	Unknown
Unknown_0334	Unknown
Unknown_0335	Unknown
Unknown_0336	Unknown
Unknown_0337	Unknown
Unknown_0338	Unknown
Unknown_0339	Unknown
Unknown_0340	Unknown
Unknown_0341	Unknown
Unknown_0342	Unknown
Unknown_0343	Unknown
Unknown_0344	Unknown
Unknown_0345	Unknown
Unknown_0346	Unknown
Unknown_0347	Unknown
Unknown_0348	Unknown
Unknown_0349	Unknown
Unknown_0350	Unknown
Unknown_0351	Unknown
Unknown_0352	Unknown
Unknown_0353	Unknown
Unknown_0354	Unknown
Unknown_0355	Unknown
Unknown_0356	Unknown
Unknown_0357	Unknown
Unknown_0358	Unknown
Unknown_0359	Unknown
Unknown_0360	Unknown
Unknown_0361	Unknown
Unknown_0362	Unknown
Unknown_0363	Unknown
Unknown_0364	Unknown
Unknown_0365	Unknown
Unknown_0366	Unknown
Unknown_0367	Unknown
Unknown_0368	Unknown
Unknown_0369	Unknown
Unknown_0370	Unknown
Unknown_0371	Unknown
Unknown_0372	Unknown
Unknown_0373	Unknown
Unknown_0374	Unknown
Unknown_0375	Unknown
Unknown_0376	Unknown
Unknown_0377	Unknown
Unknown_0378	Unknown
Unknown_0379	Unknown
Unknown_0380	Unknown
Unknown_0381	Unknown
Unknown_0382	Unknown
Unknown_0383	Unknown
Unknown_0384	Unknown
Unknown_0385	Unknown
Unknown_0386	Unknown
Unknown_0387	Unknown
Unknown_0388	Unknown
Unknown_0389	Unknown
Unknown_0390	Unknown
Unknown_0391	Unknown
Unknown_0392	Unknown
Unknown_0393	Unknown
Unknown_0394	Unknown
Unknown_0395	Unknown
Unknown_0396	Unknown
Unknown_0397	Unknown
Unknown_0398	Unknown
Unknown_0399	Unknown
Unknown_0400	Unknown
Unknown_0401	Unknown
Unknown_0402	Unknown
Unknown_0403	Unknown
Unknown_0404	Unknown
Unknown_0405	Unknown
Unknown_0406	Unknown
Unknown_0407	Unknown
Unknown_0408	Unknown
Unknown_0409	Unknown
Unknown_0410	Unknown
Unknown_0411	Unknown
Unknown_0412	Unknown
Unknown_0413	Unknown
Unknown_0414	Unknown
Unknown_0415	Unknown
Unknown_0416	Unknown
Unknown_0417	Unknown
Unknown_0418	Unknown
Unknown_0419	Unknown
Unknown_0420	Unknown
Unknown_0421	Unknown
Unknown_0422	Unknown
Unknown_0423	Unknown
Unknown_0424	Unknown
Unknown_0425	Unknown
Unknown_0426	Unknown
Unknown_0427	Unknown
Unknown_0428	Unknown
Unknown_0429	Unknown
Unknown_0430	Unknown
Unknown_0431	Unknown
Unknown_0432	Unknown
Unknown_0433	Unknown
Unknown_0434	Unknown
Unknown_0435	Unknown
Unknown_0436	Unknown
Unknown_0437	Unknown
Unknown_0438	Unknown
Unknown_0439	Unknown
Unknown_0440	Unknown
Unknown_0441	Unknown
Unknown_0442	Unknown
Unknown_0443	Unknown
Unknown_0444	Unknown
Unknown_0445	Unknown
Unknown_0446	Unknown
Unknown_0447	Unknown
Unknown_0448	Unknown
Unknown_0449	Unknown
Unknown_0450	Unknown
Unknown_0451	Unknown
Unknown_0452	Unknown
Unknown_0453	Unknown
Unknown_0454	Unknown
Unknown_0455	Unknown
Unknown_0456	Unknown
Unknown_0457	Unknown
Unknown_0458	Unknown
Unknown_0459	Unknown
Unknown_0460	Unknown
Unknown_0461	Unknown
Unknown_0462	Unknown
Unknown_0463	Unknown
Unknown_0464	Unknown
Unknown_0465	Unknown
Unknown_0466	Unknown
Unknown_0467	Unknown
Unknown_0468	Unknown
Unknown_0469	Unknown
Unknown_0470	Unknown
Unknown_0471	Unknown
Unknown_0472	Unknown
Unknown_0473	Unknown
Unknown_0474	Unknown
Unknown_0475	Unknown
Unknown_0476	Unknown
Unknown_0477	Unknown
Unknown_0478	Unknown
Unknown_0479	Unknown
Unknown_0480	Unknown
Unknown_0481	Unknown
Unknown_0482	Unknown
Unknown_0483	Unknown
Unknown_0484	Unknown
Unknown_0485	Unknown
Unknown_0486	Unknown
Unknown_0487	Unknown
Unknown_0488	Unknown
Unknown_0489	Unknown
Unknown_0490	Unknown
Unknown_0491	Unknown
Unknown_0492	Unknown
Unknown_0493	Unknown
Unknown_0494	Unknown
Unknown_0495	Unknown
Unknown_0496	Unknown
Unknown_0497	Unknown
Unknown_0498	Unknown
Unknown_0499	Unknown
Unknown_0500	Unknown
Unknown_0501	Unknown
Unknown_0502	Unknown
Unknown_0503	Unknown
Unknown_0504	Unknown
Unknown_0505	Unknown
Unknown_0506	Unknown
Unknown_0507	Unknown
Unknown_0508	Unknown
Unknown_0509	Unknown
Unknown_0510	Unknown
Unknown_0511	Unknown
Unknown_0512	Unknown
Unknown_0513	Unknown
Unknown_0514	Unknown
Unknown_0515	Unknown
Unknown_0516	Unknown
Unknown_0517	Unknown
Unknown_0518	Unknown
Unknown_0519	Unknown
Unknown_0520	Unknown
Unknown_0521	Unknown
Unknown_0522	Unknown
Unknown_0523	Unknown
Unknown_0524	Unknown
Unknown_0525	Unknown
Unknown_0526	Unknown
Unknown_0527	Unknown
Unknown_0528	Unknown
Unknown_0529	Unknown
Unknown_0530	Unknown
Unknown_0531	Unknown
Unknown_0532	Unknown
Unknown_0533	Unknown
Unknown_0534	Unknown
Unknown_0535	Unknown
Unknown_0536	Unknown
Unknown_0537	Unknown
Unknown_0538	Unknown
Unknown_0539	Unknown
Unknown_0540	Unknown
Unknown_0541	Unknown
Unknown_0542	Unknown
Unknown_0543	Unknown
Unknown_0544	Unknown
Unknown_0545	Unknown
Unknown_0546	Unknown
Unknown_0547	Unknown
Unknown_0548	Unknown
Unknown_0549	Unknown
Unknown_0550	Unknown
Unknown_0551	Unknown
Unknown_0552	Unknown
Unknown_0553	Unknown
Unknown_0554	Unknown
Unknown_0555	Unknown
Unknown_0556	Unknown
Unknown_0557	Unknown
Unknown_0558	Unknown
Unknown_0559	Unknown
Unknown_0560	Unknown
Unknown_0561	Unknown
Unknown_0562	Unknown
Unknown_0563	Unknown
Unknown_0564	Unknown
Unknown_0565	Unknown
Unknown_0566	Unknown
Unknown_0567	Unknown
Unknown_0568	Unknown
Unknown_0569	Unknown
Unknown_0570	Unknown
Unknown_0571	Unknown
Unknown_0572	Unknown
Unknown_0573	Unknown
Unknown_0574	Unknown
Unknown_0575	Unknown
Unknown_0576	Unknown
Unknown_0577	Unknown
Unknown_0578	Unknown
Unknown_0579	Unknown
Unknown_0580	Unknown
Unknown_0581	Unknown
Unknown_0582	Unknown
Unknown_0583	Unknown
Unknown_0584	Unknown
Unknown_0585	Unknown
Unknown_0586	Unknown
Unknown_0587	Unknown
Unknown_0588	Unknown
Unknown_0589	Unknown
Unknown_0590	Unknown
Unknown_0591	Unknown
Unknown_0592	Unknown
Unknown_0593	Unknown
Unknown_0594	Unknown
Unknown_0595	Unknown
Unknown_0596	Unknown
Unknown_0597	Unknown
Unknown_0598	Unknown
Unknown_0599	Unknown
Unknown_0600	Unknown
Unknown_0601	Unknown
Unknown_0602	Unknown
Unknown_0603	Unknown
Unknown_0604	Unknown
Unknown_0605	Unknown
Unknown_0606	Unknown
Unknown_0607	Unknown
Unknown_0608	Unknown
Unknown_0609	Unknown
Unknown_0610	Unknown
Unknown_0611	Unknown
Unknown_0612	Unknown
Unknown_0613	Unknown
Unknown_0614	Unknown
Unknown_0615	Unknown
Unknown_0616	Unknown
Unknown_0617	Unknown
Unknown_0618	Unknown
Unknown_0619	Unknown
Unknown_0620	Unknown
Unknown_0621	Unknown
Unknown_0622	Unknown
Unknown_0623	Unknown
Unknown_0624	Unknown
Unknown_0625	Unknown
Unknown_0626	Unknown
Unknown_0627	Unknown
Unknown_0628	Unknown
Unknown_0629	Unknown
Unknown_0630	Unknown
Unknown_0631	Unknown
Unknown_0632	Unknown
Unknown_0633	Unknown
Unknown_0634	Unknown
Unknown_0635	Unknown
Unknown_0636	Unknown
Unknown_0637	Unknown
Unknown_0638	Unknown
Unknown_0639	Unknown
Unknown_0640	Unknown
Unknown_0641	Unknown
Unknown_0642	Unknown
Unknown_0643	Unknown
Unknown_0644	Unknown
Unknown_0645	Unknown
Unknown_0646	Unknown
Unknown_0647	Unknown
Unknown_0648	Unknown
Unknown_0649	Unknown
Unknown_0650	Unknown
Unknown_0651	Unknown
Unknown_0652	Unknown
Unknown_0653	Unknown
Unknown_0654	Unknown
Unknown_0655	Unknown
Unknown_0656	Unknown
Unknown_0657	Unknown
Unknown_0658	Unknown
Unknown_0659	Unknown
Unknown_0660	Unknown
Unknown_0661	Unknown
Unknown_0662	Unknown
Unknown_0663	Unknown
Unknown_0664	Unknown
Unknown_0665	Unknown
Unknown_0666	Unknown
Unknown_0667	Unknown
Unknown_0668	Unknown
Unknown_0669	Unknown
Unknown_0670	Unknown
Unknown_0671	Unknown
Unknown_0672	Unknown
Unknown_0673	Unknown
Unknown_0674	Unknown
Unknown_0675	Unknown
Unknown_0676	Unknown
Unknown_0677	Unknown
Unknown_0678	Unknown
Unknown_0679	Unknown
Unknown_0680	Unknown
Unknown_0681	Unknown
Unknown_0682	Unknown
Unknown_0683	Unknown
Unknown_0684	Unknown
Unknown_0685	Unknown
Unknown_0686	Unknown
Unknown_0687	Unknown
Unknown_0688	Unknown
Unknown_0689	Unknown
Unknown_0690	Unknown
Unknown_0691	Unknown
Unknown_0692	Unknown
Unknown_0693	Unknown
Unknown_0694	Unknown
Unknown_0695	Unknown
Unknown_0696	Unknown
Unknown_0697	Unknown
Unknown_0698	Unknown
Unknown_0699	Unknown
Unknown_0700	Unknown
Unknown_0701	Unknown
Unknown_0702	Unknown
Unknown_0703	Unknown
Unknown_0704	Unknown
Unknown_0705	Unknown
Unknown_0706	Unknown
Unknown_0707	Unknown
Unknown_0708	Unknown
Unknown_0709	Unknown
Unknown_0710	Unknown
Unknown_0711	Unknown
Unknown_0712	Unknown
Unknown_0713	Unknown
Unknown_0714	Unknown
Unknown_0715	Unknown
Unknown_0716	Unknown
Unknown_0717	Unknown
Unknown_0718	Unknown
Unknown_0719	Unknown
Unknown_0720	Unknown
Unknown_0721	Unknown
Unknown_0722	Unknown
Unknown_0723	Unknown
Unknown_0724	Unknown
Unknown_0725	Unknown
Unknown_0726	Unknown
Unknown_0727	Unknown
Unknown_0728	Unknown
Unknown_0729	Unknown
Unknown_0730	Unknown
Unknown_0731	Unknown
Unknown_0732	Unknown
Unknown_0733	Unknown
Unknown_0734	Unknown
Unknown_0735	Unknown
Unknown_0736	Unknown
Unknown_0737	Unknown
Unknown_0738	Unknown
Unknown_0739	Unknown
Unknown_0740	Unknown
Unknown_0741	Unknown
Unknown_0742	Unknown
Unknown_0743	Unknown
Unknown_0744	Unknown
Unknown_0745	Unknown
Unknown_0746	Unknown
Unknown_0747	Unknown
Unknown_0748	Unknown
Unknown_0749	Unknown
Unknown_0750	Unknown
Unknown_0751	Unknown
Unknown_0752	Unknown
Unknown_0753	Unknown
Unknown_0754	Unknown
Unknown_0755	Unknown
Unknown_0756	Unknown
Unknown_0757	Unknown
Unknown_0758	Unknown
Unknown_0759	Unknown
Unknown_0760	Unknown
Unknown_0761	Unknown
Unknown_0762	Unknown
Unknown_0763	Unknown
Unknown_0764	Unknown
Unknown_0765	Unknown
Unknown_0766	Unknown
Unknown_0767	Unknown
Unknown_0768	Unknown
Unknown_0769	Unknown
Unknown_0770	Unknown
Unknown_0771	Unknown
Unknown_0772	Unknown
Unknown_0773	Unknown
Unknown_0774	Unknown
Unknown_0775	Unknown
Unknown_0776	Unknown
Unknown_0777	Unknown
Unknown_0778	Unknown
Unknown_0779	Unknown
Unknown_0780	Unknown
Unknown_0781	Unknown
Unknown_0782	Unknown
Unknown_0783	Unknown
Unknown_0784	Unknown
Unknown_0785	Unknown
Unknown_0786	Unknown
Unknown_0787	Unknown
Unknown_0788	Unknown
Unknown_0789	Unknown
Unknown_0790	Unknown
Unknown_0791	Unknown
Unknown_0792	Unknown
Unknown_0793	Unknown
Unknown_0794	Unknown
Unknown_0795	Unknown
Unknown_0796	Unknown
Unknown_0797	Unknown
Unknown_0798	Unknown
Unknown_0799	Unknown
Unknown_0800	Unknown
Unknown_0801	Unknown
Unknown_0802	Unknown
Unknown_0803	Unknown
Unknown_0804	Unknown
Unknown_0805	Unknown
Unknown_0806	Unknown
Unknown_0807	Unknown
Unknown_0808	Unknown
Unknown_0809	Unknown
Unknown_0810	Unknown
Unknown_0811	Unknown
Unknown_0812	Unknown
Unknown_0813	Unknown
Unknown_0814	Unknown
Unknown_0815	Unknown
Unknown_0816	Unknown
Unknown_0817	Unknown
Unknown_0818	Unknown
Unknown_0819	Unknown
Unknown_0820	Unknown
Unknown_0821	Unknown
Unknown_0822	Unknown
Unknown_0823	Unknown
Unknown_0824	Unknown
Unknown_0825	Unknown
Unknown_0826	Unknown
Unknown_0827	Unknown
Unknown_0828	Unknown
Unknown_0829	Unknown
Unknown_0830	Unknown
Unknown_0831	Unknown
Unknown_0832	Unknown
Unknown_0833	Unknown
Unknown_0834	Unknown
Unknown_0835	Unknown
Unknown_0836	Unknown
Unknown_0837	Unknown
Unknown_0838	Unknown
Unknown_0839	Unknown
Unknown_0840	Unknown
Unknown_0841	Unknown
Unknown_0842	Unknown
Unknown_0843	Unknown
Unknown_0844	Unknown
Unknown_0845	Unknown
Unknown_0846	Unknown
Unknown_0847	Unknown
Unknown_0848	Unknown
Unknown_0849	Unknown
Unknown_0850	Unknown
Unknown_0851	Unknown
Unknown_0852	Unknown
Unknown_0853	Unknown
Unknown_0854	Unknown
Unknown_0855	Unknown
Unknown_0856	Unknown
Unknown_0857	Unknown
Unknown_0858	Unknown
Unknown_0859	Unknown
Unknown_0860	Unknown
Unknown_0861	Unknown
Unknown_0862	Unknown
Unknown_0863	Unknown
Unknown_0864	Unknown
Unknown_0865	Unknown
Unknown_0866	Unknown
Unknown_0867	Unknown
Unknown_0868	Unknown
Unknown_0869	Unknown
Unknown_0870	Unknown
Unknown_0871	Unknown
Unknown_0872	Unknown
Unknown_0873	Unknown
Unknown_0874	Unknown
Unknown_0875	Unknown
Unknown_0876	Unknown
Unknown_0877	Unknown
Unknown_0878	Unknown
Unknown_0879	Unknown
Unknown_0880	Unknown
Unknown_0881	Unknown
Unknown_0882	Unknown
Unknown_0883	Unknown
Unknown_0884	Unknown
Unknown_0885	Unknown
Unknown_0886	Unknown
Unknown_0887	Unknown
Unknown_0888	Unknown
Unknown_0889	Unknown
Unknown_0890	Unknown
Unknown_0891	Unknown
Unknown_0892	Unknown
Unknown_0893	Unknown
Unknown_0894	Unknown
Unknown_0895	Unknown
Unknown_0896	Unknown
Unknown_0897	Unknown
Unknown_0898	Unknown
Unknown_0899	Unknown
Unknown_0900	Unknown
Unknown_0901	Unknown
Unknown_0902	Unknown
Unknown_0903	Unknown
Unknown_0904	Unknown
Unknown_0905	Unknown
Unknown_0906	Unknown
Unknown_0907	Unknown
Unknown_0908	Unknown
Unknown_0909	Unknown
Unknown_0910	Unknown
Unknown_0911	Unknown
Unknown_0912	Unknown
Unknown_0913	Unknown
Unknown_0914	Unknown
Unknown_0915	Unknown
Unknown_0916	Unknown
Unknown_0917	Unknown
Unknown_0918	Unknown
Unknown_0919	Unknown
Unknown_0920	Unknown
Unknown_0921	Unknown
Unknown_0922	Unknown
Unknown_0923	Unknown
Unknown_0924	Unknown
Unknown_0925	Unknown
Unknown_0926	Unknown
Unknown_0927	Unknown
Unknown_0928	Unknown
Unknown_0929	Unknown
Unknown_0930	Unknown
Unknown_0931	Unknown
Unknown_0932	Unknown
Unknown_0933	Unknown
Unknown_0934	Unknown
Unknown_0935	Unknown
Unknown_0936	Unknown
Unknown_0937	Unknown
Unknown_0938	Unknown
Unknown_0939	Unknown
Unknown_0940	Unknown
Unknown_0941	Unknown
Unknown_0942	Unknown
Unknown_0943	Unknown
Unknown_0944	Unknown
Unknown_0945	Unknown
Unknown_0946	Unknown
Unknown_0947	Unknown
Unknown_0948	Unknown
Unknown_0949	Unknown
Unknown_0950	Unknown
Unknown_0951	Unknown
Unknown_0952	Unknown
Unknown_0953	Unknown
Unknown_0954	Unknown
Unknown_0955	Unknown
Unknown_0956	Unknown
Unknown_0957	Unknown
Unknown_0958	Unknown
Unknown_0959	Unknown
Unknown_0960	Unknown
Unknown_0961	Unknown
Unknown_0962	Unknown
Unknown_0963	Unknown
Unknown_0964	Unknown
Unknown_0965	Unknown
Unknown_0966	Unknown
Unknown_0967	Unknown
Unknown_0968	Unknown
Unknown_0969	Unknown
Unknown_0970	Unknown
Unknown_0971	Unknown
Unknown_0972	Unknown
Unknown_0973	Unknown
Unknown_0974	Unknown
Unknown_0975	Unknown
Unknown_0976	Unknown
Unknown_0977	Unknown
Unknown_0978	Unknown
Unknown_0979	Unknown
Unknown_0980	Unknown
Unknown_0981	Unknown
Unknown_0982	Unknown
Unknown_0983	Unknown
Unknown_0984	Unknown
Unknown_0985	Unknown
Unknown_0986	Unknown
Unknown_0987	Unknown
Unknown_0988	Unknown
Unknown_0989	Unknown
Unknown_0990	Unknown
Unknown_0991	Unknown
Unknown_0992	Unknown
Unknown_0993	Unknown
Unknown_0994	Unknown
Unknown_0995	Unknown
Unknown_0996	Unknown
Unknown_0997	Unknown
Unknown_0998	Unknown
Unknown_0999	Unknown
Unknown_1000	Unknown
Unknown_1001	Unknown
Unknown_1002	Unknown
Unknown_1003	Unknown
Unknown_1004	Unknown
Unknown_1005	Unknown
Unknown_1006	Unknown
Unknown_1007	Unknown
Unknown_1008	Unknown
Unknown_1009	Unknown
Unknown_1010	Unknown
Unknown_1011	Unknown
Unknown_1012	Unknown
Unknown_1013	Unknown
Unknown_1014	Unknown
Unknown_1015	Unknown
Unknown_1016	Unknown
Unknown_1017	Unknown
Unknown_1018	Unknown
Unknown_1019	Unknown
Unknown_1020	Unknown
Unknown_1021	Unknown
Unknown_1022	Unknown
Unknown_1023	Unknown
Unknown_1024	Unknown
Unknown_1025	Unknown
Unknown_1026	Unknown
Unknown_1027	Unknown
Unknown_1028	Unknown
Unknown_1029	Unknown
Unknown_1030	Unknown
Unknown_1031	Unknown
Unknown_1032	Unknown
Unknown_1033	Unknown
Unknown_1034	Unknown
Unknown_1035	Unknown
Unknown_1036	Unknown
Unknown_1037	Unknown
Unknown_1038	Unknown
Unknown_1039	Unknown
Unknown_1040	Unknown
Unknown_1041	Unknown
Unknown_1042	Unknown
Unknown_1043	Unknown
Unknown_1044	Unknown
Unknown_1045	Unknown
Unknown_1046	Unknown
Unknown_1047	Unknown
Unknown_1048	Unknown
Unknown_1049	Unknown
Unknown_1050	Unknown
Unknown_1051	Unknown
Unknown_1052	Unknown
Unknown_1053	Unknown
Unknown_1054	Unknown
Unknown_1055	Unknown
Unknown_1056	Unknown
Unknown_1057	Unknown
Unknown_1058	Unknown
Unknown_1059	Unknown
Unknown_1060	Unknown
Unknown_1061	Unknown
Unknown_1062	Unknown
Unknown_1063	Unknown
Unknown_1064	Unknown
Unknown_1065	Unknown
Unknown_1066	Unknown
Unknown_1067	Unknown
Unknown_1068	Unknown
Unknown_1069	Unknown
Unknown_1070	Unknown
Unknown_1071	Unknown
Unknown_1072	Unknown
Unknown_1073	Unknown
Unknown_1074	Unknown
Unknown_1075	Unknown
Unknown_1076	Unknown
Unknown_1077	Unknown
Unknown_1078	Unknown
Unknown_1079	Unknown
Unknown_1080	Unknown
Unknown_1081	Unknown
Unknown_1082	Unknown
Unknown_1083	Unknown
Unknown_1084	Unknown
Unknown_1085	Unknown
Unknown_1086	Unknown
Unknown_1087	Unknown
Unknown_1088	Unknown
Unknown_1089	Unknown
Unknown_1090	Unknown
Unknown_1091	Unknown
Unknown_1092	Unknown
Unknown_1093	Unknown
Unknown_1094	Unknown
Unknown_1095	Unknown
Unknown_1096	Unknown
Unknown_1097	Unknown
Unknown_1098	Unknown
Unknown_1099	Unknown
Unknown_1100	Unknown
Unknown_1101	Unknown
Unknown_1102	Unknown
Unknown_1103	Unknown
Unknown_1104	Unknown
Unknown_1105	Unknown
Unknown_1106	Unknown
Unknown_1107	Unknown
Unknown_1108	Unknown
Unknown_1109	Unknown
Unknown_1110	Unknown
Unknown_1111	Unknown
Unknown_1112	Unknown
Unknown_1113	Unknown
Unknown_1114	Unknown
Unknown_1115	Unknown
Unknown_1116	Unknown
Unknown_1117	Unknown
Unknown_1118	Unknown
Unknown_1119	Unknown
Unknown_1120	Unknown
Unknown_1121	Unknown
Unknown_1122	Unknown
Unknown_1123	Unknown
Unknown_1124	Unknown
Unknown_1125	Unknown
Unknown_1126	Unknown
Unknown_1127	Unknown
Unknown_1128	Unknown
Unknown_1129	Unknown
Unknown_1130	Unknown
Unknown_1131	Unknown
Unknown_1132	Unknown
Unknown_1133	Unknown
Unknown_1134	Unknown
Unknown_1135	Unknown
Unknown_1136	Unknown
Unknown_1137	Unknown
Unknown_1138	Unknown
Unknown_1139	Unknown
Unknown_1140	Unknown
Unknown_1141	Unknown
Unknown_1142	Unknown
Unknown_1143	Unknown
Unknown_1144	Unknown
Unknown_1145	Unknown
Unknown_1146	Unknown
Unknown_1147	Unknown
Unknown_1148	Unknown
Unknown_1149	Unknown
Unknown_1150	Unknown
Unknown_1151	Unknown
